file,target,C,max_iter,tol,class_weight,n_samples_used,n_rows_dropped,n_features,n_classes,train_acc,test_acc,nnz_features,fit_sec,note
qp_TEA_sae_layer0.parquet,entailment,0.25,1000,0.0001,none,11138,0,32768,2,0.7907968574635241,0.7877019748653501,76,41.2832088470459,
qp_TEA_sae_layer0.parquet,entailment,0.25,2000,0.0001,none,11138,0,32768,2,0.7907968574635241,0.7877019748653501,76,41.367594718933105,
qp_TEA_sae_layer0.parquet,entailment,0.25,3000,0.0001,none,11138,0,32768,2,0.7907968574635241,0.7877019748653501,76,41.47653889656067,
qp_TEA_sae_layer0.parquet,entailment,0.25,4000,0.0001,none,11138,0,32768,2,0.7907968574635241,0.7877019748653501,76,41.531251430511475,
qp_TEA_sae_layer0.parquet,entailment,0.25,5000,0.0001,none,11138,0,32768,2,0.7907968574635241,0.7877019748653501,76,41.082584381103516,
qp_TEA_sae_layer0.parquet,entailment,0.5,1000,0.0001,none,11138,0,32768,2,0.7994388327721661,0.7989228007181328,131,49.054463148117065,
qp_TEA_sae_layer0.parquet,entailment,0.5,2000,0.0001,none,11138,0,32768,2,0.7994388327721661,0.7989228007181328,130,96.35925078392029,
qp_TEA_sae_layer0.parquet,entailment,0.5,3000,0.0001,none,11138,0,32768,2,0.7994388327721661,0.7989228007181328,130,99.28786277770996,
qp_TEA_sae_layer0.parquet,entailment,0.5,4000,0.0001,none,11138,0,32768,2,0.7994388327721661,0.7989228007181328,130,99.26153349876404,
qp_TEA_sae_layer0.parquet,entailment,0.5,5000,0.0001,none,11138,0,32768,2,0.7994388327721661,0.7989228007181328,130,100.37783098220825,
qp_TEA_sae_layer0.parquet,entailment,1.0,1000,0.0001,none,11138,0,32768,2,0.8048260381593715,0.8061041292639138,209,51.61436986923218,
qp_TEA_sae_layer0.parquet,entailment,1.0,2000,0.0001,none,11138,0,32768,2,0.804601571268238,0.8070017953321365,194,98.74465799331665,
qp_TEA_sae_layer0.parquet,entailment,1.0,3000,0.0001,none,11138,0,32768,2,0.804601571268238,0.8070017953321365,194,98.67591309547424,
qp_TEA_sae_layer0.parquet,entailment,1.0,4000,0.0001,none,11138,0,32768,2,0.804601571268238,0.8070017953321365,194,97.89452791213989,
qp_TEA_sae_layer0.parquet,entailment,1.0,5000,0.0001,none,11138,0,32768,2,0.804601571268238,0.8070017953321365,194,98.26603651046753,
qp_TEA_sae_layer1.parquet,entailment,0.25,1000,0.0001,none,11138,0,32759,2,0.7938271604938272,0.7908438061041293,62,35.647499561309814,
qp_TEA_sae_layer1.parquet,entailment,0.25,2000,0.0001,none,11138,0,32759,2,0.7938271604938272,0.7908438061041293,62,35.60346555709839,
qp_TEA_sae_layer1.parquet,entailment,0.25,3000,0.0001,none,11138,0,32759,2,0.7938271604938272,0.7908438061041293,62,35.44747853279114,
qp_TEA_sae_layer1.parquet,entailment,0.25,4000,0.0001,none,11138,0,32759,2,0.7938271604938272,0.7908438061041293,62,35.39914798736572,
qp_TEA_sae_layer1.parquet,entailment,0.25,5000,0.0001,none,11138,0,32759,2,0.7938271604938272,0.7908438061041293,62,35.388301372528076,
qp_TEA_sae_layer1.parquet,entailment,0.5,1000,0.0001,none,11138,0,32759,2,0.8072951739618406,0.8016157989228008,113,46.236912965774536,
qp_TEA_sae_layer1.parquet,entailment,0.5,2000,0.0001,none,11138,0,32759,2,0.8074074074074075,0.8016157989228008,112,48.96028137207031,
qp_TEA_sae_layer1.parquet,entailment,0.5,3000,0.0001,none,11138,0,32759,2,0.8074074074074075,0.8016157989228008,112,49.064220666885376,
qp_TEA_sae_layer1.parquet,entailment,0.5,4000,0.0001,none,11138,0,32759,2,0.8074074074074075,0.8016157989228008,112,49.06157660484314,
qp_TEA_sae_layer1.parquet,entailment,0.5,5000,0.0001,none,11138,0,32759,2,0.8074074074074075,0.8016157989228008,112,49.15346693992615,
qp_TEA_sae_layer1.parquet,entailment,1.0,1000,0.0001,none,11138,0,32759,2,0.8159371492704826,0.8038599640933572,168,40.269540786743164,
qp_TEA_sae_layer1.parquet,entailment,1.0,2000,0.0001,none,11138,0,32759,2,0.8159371492704826,0.8038599640933572,168,40.217833518981934,
qp_TEA_sae_layer1.parquet,entailment,1.0,3000,0.0001,none,11138,0,32759,2,0.8159371492704826,0.8038599640933572,168,40.290865659713745,
qp_TEA_sae_layer1.parquet,entailment,1.0,4000,0.0001,none,11138,0,32759,2,0.8159371492704826,0.8038599640933572,168,40.30099678039551,
qp_TEA_sae_layer1.parquet,entailment,1.0,5000,0.0001,none,11138,0,32759,2,0.8159371492704826,0.8038599640933572,168,40.65926432609558,
qp_TEA_sae_layer10.parquet,entailment,0.25,1000,0.0001,none,11138,0,32768,2,0.8179573512906846,0.8065529622980251,95,18.225380182266235,
qp_TEA_sae_layer10.parquet,entailment,0.25,2000,0.0001,none,11138,0,32768,2,0.8179573512906846,0.8065529622980251,95,18.369568824768066,
qp_TEA_sae_layer10.parquet,entailment,0.25,3000,0.0001,none,11138,0,32768,2,0.8178451178451178,0.8065529622980251,96,18.16386103630066,
qp_TEA_sae_layer10.parquet,entailment,0.25,4000,0.0001,none,11138,0,32768,2,0.8178451178451178,0.8065529622980251,96,18.11228346824646,
qp_TEA_sae_layer10.parquet,entailment,0.25,5000,0.0001,none,11138,0,32768,2,0.8178451178451178,0.8065529622980251,96,18.094856023788452,
qp_TEA_sae_layer10.parquet,entailment,0.5,1000,0.0001,none,11138,0,32768,2,0.8399551066217733,0.8348294434470377,179,25.83095955848694,
qp_TEA_sae_layer10.parquet,entailment,0.5,2000,0.0001,none,11138,0,32768,2,0.8399551066217733,0.8348294434470377,179,26.060805559158325,
qp_TEA_sae_layer10.parquet,entailment,0.5,3000,0.0001,none,11138,0,32768,2,0.8399551066217733,0.8348294434470377,179,25.891881704330444,
qp_TEA_sae_layer10.parquet,entailment,0.5,4000,0.0001,none,11138,0,32768,2,0.8399551066217733,0.8348294434470377,179,25.86947464942932,
qp_TEA_sae_layer10.parquet,entailment,0.5,5000,0.0001,none,11138,0,32768,2,0.8399551066217733,0.8348294434470377,179,25.970783948898315,
qp_TEA_sae_layer10.parquet,entailment,1.0,1000,0.0001,none,11138,0,32768,2,0.8624017957351291,0.8464991023339318,305,39.212687969207764,
qp_TEA_sae_layer10.parquet,entailment,1.0,2000,0.0001,none,11138,0,32768,2,0.8624017957351291,0.8464991023339318,305,39.32534742355347,
qp_TEA_sae_layer10.parquet,entailment,1.0,3000,0.0001,none,11138,0,32768,2,0.8624017957351291,0.8464991023339318,305,39.225521087646484,
qp_TEA_sae_layer10.parquet,entailment,1.0,4000,0.0001,none,11138,0,32768,2,0.8624017957351291,0.8464991023339318,305,39.24307084083557,
qp_TEA_sae_layer10.parquet,entailment,1.0,5000,0.0001,none,11138,0,32768,2,0.8622895622895623,0.8464991023339318,306,39.2951545715332,
qp_TEA_sae_layer11.parquet,entailment,0.25,1000,0.0001,none,11138,0,32767,2,0.8181818181818182,0.8070017953321365,105,11.319000482559204,
qp_TEA_sae_layer11.parquet,entailment,0.25,2000,0.0001,none,11138,0,32767,2,0.8181818181818182,0.8074506283662477,105,11.349236011505127,
qp_TEA_sae_layer11.parquet,entailment,0.25,3000,0.0001,none,11138,0,32767,2,0.8181818181818182,0.8074506283662477,105,11.34238338470459,
qp_TEA_sae_layer11.parquet,entailment,0.25,4000,0.0001,none,11138,0,32767,2,0.8181818181818182,0.8074506283662477,105,11.265698909759521,
qp_TEA_sae_layer11.parquet,entailment,0.25,5000,0.0001,none,11138,0,32767,2,0.8181818181818182,0.8074506283662477,105,11.335259437561035,
qp_TEA_sae_layer11.parquet,entailment,0.5,1000,0.0001,none,11138,0,32767,2,0.8451178451178452,0.8339317773788151,195,39.56991958618164,
qp_TEA_sae_layer11.parquet,entailment,0.5,2000,0.0001,none,11138,0,32767,2,0.8451178451178452,0.8339317773788151,195,39.44500231742859,
qp_TEA_sae_layer11.parquet,entailment,0.5,3000,0.0001,none,11138,0,32767,2,0.8451178451178452,0.8339317773788151,195,39.321234941482544,
qp_TEA_sae_layer11.parquet,entailment,0.5,4000,0.0001,none,11138,0,32767,2,0.8451178451178452,0.8339317773788151,195,39.73459315299988,
qp_TEA_sae_layer11.parquet,entailment,0.5,5000,0.0001,none,11138,0,32767,2,0.8448933782267115,0.8334829443447038,195,39.5057258605957,
qp_TEA_sae_layer11.parquet,entailment,1.0,1000,0.0001,none,11138,0,32767,2,0.8758698092031425,0.8429084380610413,357,55.27814769744873,
qp_TEA_sae_layer11.parquet,entailment,1.0,2000,0.0001,none,11138,0,32767,2,0.8759820426487093,0.8429084380610413,359,55.54998564720154,
qp_TEA_sae_layer11.parquet,entailment,1.0,3000,0.0001,none,11138,0,32767,2,0.8759820426487093,0.8429084380610413,359,55.557485818862915,
qp_TEA_sae_layer11.parquet,entailment,1.0,4000,0.0001,none,11138,0,32767,2,0.8759820426487093,0.8429084380610413,359,55.59380006790161,
qp_TEA_sae_layer11.parquet,entailment,1.0,5000,0.0001,none,11138,0,32767,2,0.8759820426487093,0.8429084380610413,359,55.667693853378296,
qp_TEA_sae_layer12.parquet,entailment,0.25,1000,0.0001,none,11138,0,32764,2,0.8194163860830528,0.8200179533213644,104,10.913825988769531,
qp_TEA_sae_layer12.parquet,entailment,0.25,2000,0.0001,none,11138,0,32764,2,0.8194163860830528,0.8200179533213644,104,11.080015897750854,
qp_TEA_sae_layer12.parquet,entailment,0.25,3000,0.0001,none,11138,0,32764,2,0.8194163860830528,0.8200179533213644,104,10.964178800582886,
qp_TEA_sae_layer12.parquet,entailment,0.25,4000,0.0001,none,11138,0,32764,2,0.8194163860830528,0.8200179533213644,104,10.931925773620605,
qp_TEA_sae_layer12.parquet,entailment,0.25,5000,0.0001,none,11138,0,32764,2,0.8194163860830528,0.8200179533213644,104,11.044428825378418,
qp_TEA_sae_layer12.parquet,entailment,0.5,1000,0.0001,none,11138,0,32764,2,0.8483726150392817,0.8415619389587073,197,22.703020095825195,
qp_TEA_sae_layer12.parquet,entailment,0.5,2000,0.0001,none,11138,0,32764,2,0.8483726150392817,0.8415619389587073,197,22.894557237625122,
qp_TEA_sae_layer12.parquet,entailment,0.5,3000,0.0001,none,11138,0,32764,2,0.8483726150392817,0.8415619389587073,197,22.829243421554565,
qp_TEA_sae_layer12.parquet,entailment,0.5,4000,0.0001,none,11138,0,32764,2,0.8483726150392817,0.8415619389587073,197,22.695908546447754,
qp_TEA_sae_layer12.parquet,entailment,0.5,5000,0.0001,none,11138,0,32764,2,0.8483726150392817,0.8415619389587073,197,22.850489377975464,
qp_TEA_sae_layer12.parquet,entailment,1.0,1000,0.0001,none,11138,0,32764,2,0.8759820426487093,0.8536804308797128,326,37.78671479225159,
qp_TEA_sae_layer12.parquet,entailment,1.0,2000,0.0001,none,11138,0,32764,2,0.8759820426487093,0.8536804308797128,326,37.789921045303345,
qp_TEA_sae_layer12.parquet,entailment,1.0,3000,0.0001,none,11138,0,32764,2,0.8759820426487093,0.8536804308797128,326,37.78390192985535,
qp_TEA_sae_layer12.parquet,entailment,1.0,4000,0.0001,none,11138,0,32764,2,0.8759820426487093,0.8536804308797128,326,37.77680945396423,
qp_TEA_sae_layer12.parquet,entailment,1.0,5000,0.0001,none,11138,0,32764,2,0.8760942760942761,0.8536804308797128,326,38.08791160583496,
qp_TEA_sae_layer13.parquet,entailment,0.25,1000,0.0001,none,11138,0,32768,2,0.827384960718294,0.8213644524236984,104,10.957141876220703,
qp_TEA_sae_layer13.parquet,entailment,0.25,2000,0.0001,none,11138,0,32768,2,0.827384960718294,0.8213644524236984,104,10.939089298248291,
qp_TEA_sae_layer13.parquet,entailment,0.25,3000,0.0001,none,11138,0,32768,2,0.827384960718294,0.8213644524236984,104,10.92201852798462,
qp_TEA_sae_layer13.parquet,entailment,0.25,4000,0.0001,none,11138,0,32768,2,0.827384960718294,0.8213644524236984,104,10.923511266708374,
qp_TEA_sae_layer13.parquet,entailment,0.25,5000,0.0001,none,11138,0,32768,2,0.8274971941638608,0.8213644524236984,104,10.869858026504517,
qp_TEA_sae_layer13.parquet,entailment,0.5,1000,0.0001,none,11138,0,32768,2,0.8514029180695848,0.829443447037702,198,22.61404323577881,
qp_TEA_sae_layer13.parquet,entailment,0.5,2000,0.0001,none,11138,0,32768,2,0.8514029180695848,0.829443447037702,198,22.701334714889526,
qp_TEA_sae_layer13.parquet,entailment,0.5,3000,0.0001,none,11138,0,32768,2,0.8514029180695848,0.829443447037702,198,22.597813844680786,
qp_TEA_sae_layer13.parquet,entailment,0.5,4000,0.0001,none,11138,0,32768,2,0.8514029180695848,0.829443447037702,198,22.623005151748657,
qp_TEA_sae_layer13.parquet,entailment,0.5,5000,0.0001,none,11138,0,32768,2,0.8514029180695848,0.829443447037702,198,22.72509217262268,
qp_TEA_sae_layer13.parquet,entailment,1.0,1000,0.0001,none,11138,0,32768,2,0.8740740740740741,0.8456014362657092,345,51.902766942977905,
qp_TEA_sae_layer13.parquet,entailment,1.0,2000,0.0001,none,11138,0,32768,2,0.8740740740740741,0.8456014362657092,345,51.642613887786865,
qp_TEA_sae_layer13.parquet,entailment,1.0,3000,0.0001,none,11138,0,32768,2,0.8740740740740741,0.8456014362657092,345,51.57106399536133,
qp_TEA_sae_layer13.parquet,entailment,1.0,4000,0.0001,none,11138,0,32768,2,0.8740740740740741,0.8456014362657092,345,51.746331453323364,
qp_TEA_sae_layer13.parquet,entailment,1.0,5000,0.0001,none,11138,0,32768,2,0.8740740740740741,0.8456014362657092,346,51.76532173156738,
qp_TEA_sae_layer14.parquet,entailment,0.25,1000,0.0001,none,11138,0,32767,2,0.8231200897867564,0.8123877917414721,103,12.069340467453003,
qp_TEA_sae_layer14.parquet,entailment,0.25,2000,0.0001,none,11138,0,32767,2,0.8228956228956229,0.8123877917414721,103,12.069137573242188,
qp_TEA_sae_layer14.parquet,entailment,0.25,3000,0.0001,none,11138,0,32767,2,0.8228956228956229,0.8123877917414721,103,12.046010732650757,
qp_TEA_sae_layer14.parquet,entailment,0.25,4000,0.0001,none,11138,0,32767,2,0.8231200897867564,0.8123877917414721,103,12.17062258720398,
qp_TEA_sae_layer14.parquet,entailment,0.25,5000,0.0001,none,11138,0,32767,2,0.8228956228956229,0.8123877917414721,103,12.027461051940918,
qp_TEA_sae_layer14.parquet,entailment,0.5,1000,0.0001,none,11138,0,32767,2,0.8480359147025813,0.8303411131059246,200,25.943588256835938,
qp_TEA_sae_layer14.parquet,entailment,0.5,2000,0.0001,none,11138,0,32767,2,0.8480359147025813,0.8303411131059246,200,25.919368028640747,
qp_TEA_sae_layer14.parquet,entailment,0.5,3000,0.0001,none,11138,0,32767,2,0.8480359147025813,0.8303411131059246,200,26.049288034439087,
qp_TEA_sae_layer14.parquet,entailment,0.5,4000,0.0001,none,11138,0,32767,2,0.8480359147025813,0.8303411131059246,198,25.878008604049683,
qp_TEA_sae_layer14.parquet,entailment,0.5,5000,0.0001,none,11138,0,32767,2,0.8480359147025813,0.8303411131059246,198,25.978113889694214,
qp_TEA_sae_layer14.parquet,entailment,1.0,1000,0.0001,none,11138,0,32767,2,0.8722783389450056,0.8478456014362658,331,53.01668953895569,
qp_TEA_sae_layer14.parquet,entailment,1.0,2000,0.0001,none,11138,0,32767,2,0.8722783389450056,0.8478456014362658,331,52.914164304733276,
qp_TEA_sae_layer14.parquet,entailment,1.0,3000,0.0001,none,11138,0,32767,2,0.8722783389450056,0.8478456014362658,331,52.780606269836426,
qp_TEA_sae_layer14.parquet,entailment,1.0,4000,0.0001,none,11138,0,32767,2,0.8722783389450056,0.8478456014362658,331,52.6837522983551,
qp_TEA_sae_layer14.parquet,entailment,1.0,5000,0.0001,none,11138,0,32767,2,0.8722783389450056,0.8478456014362658,331,53.005319356918335,
qp_TEA_sae_layer15.parquet,entailment,0.25,1000,0.0001,none,11138,0,32768,2,0.8287317620650954,0.8231597845601436,116,11.45414924621582,
qp_TEA_sae_layer15.parquet,entailment,0.25,2000,0.0001,none,11138,0,32768,2,0.8287317620650954,0.8231597845601436,117,11.630760192871094,
qp_TEA_sae_layer15.parquet,entailment,0.25,3000,0.0001,none,11138,0,32768,2,0.8287317620650954,0.8231597845601436,117,11.651201963424683,
qp_TEA_sae_layer15.parquet,entailment,0.25,4000,0.0001,none,11138,0,32768,2,0.8287317620650954,0.8231597845601436,117,11.630348443984985,
qp_TEA_sae_layer15.parquet,entailment,0.25,5000,0.0001,none,11138,0,32768,2,0.8287317620650954,0.8231597845601436,115,11.480772495269775,
qp_TEA_sae_layer15.parquet,entailment,0.5,1000,0.0001,none,11138,0,32768,2,0.8508417508417508,0.8393177737881508,192,22.057953119277954,
qp_TEA_sae_layer15.parquet,entailment,0.5,2000,0.0001,none,11138,0,32768,2,0.8508417508417508,0.8393177737881508,192,22.012685537338257,
qp_TEA_sae_layer15.parquet,entailment,0.5,3000,0.0001,none,11138,0,32768,2,0.8508417508417508,0.8393177737881508,192,22.056313276290894,
qp_TEA_sae_layer15.parquet,entailment,0.5,4000,0.0001,none,11138,0,32768,2,0.8508417508417508,0.8393177737881508,192,22.15397071838379,
qp_TEA_sae_layer15.parquet,entailment,0.5,5000,0.0001,none,11138,0,32768,2,0.8508417508417508,0.8393177737881508,192,22.135719537734985,
qp_TEA_sae_layer15.parquet,entailment,1.0,1000,0.0001,none,11138,0,32768,2,0.880695847362514,0.8500897666068222,336,47.75733137130737,
qp_TEA_sae_layer15.parquet,entailment,1.0,2000,0.0001,none,11138,0,32768,2,0.880695847362514,0.8500897666068222,335,47.680198669433594,
qp_TEA_sae_layer15.parquet,entailment,1.0,3000,0.0001,none,11138,0,32768,2,0.880695847362514,0.8500897666068222,335,47.58369708061218,
qp_TEA_sae_layer15.parquet,entailment,1.0,4000,0.0001,none,11138,0,32768,2,0.8805836139169473,0.8500897666068222,335,47.978172063827515,
qp_TEA_sae_layer15.parquet,entailment,1.0,5000,0.0001,none,11138,0,32768,2,0.8805836139169473,0.8500897666068222,335,48.078920125961304,
qp_TEA_sae_layer16.parquet,entailment,0.25,1000,0.0001,none,11138,0,32767,2,0.826374859708193,0.8209156193895871,121,8.728886842727661,
qp_TEA_sae_layer16.parquet,entailment,0.25,2000,0.0001,none,11138,0,32767,2,0.826374859708193,0.8209156193895871,121,8.700693368911743,
qp_TEA_sae_layer16.parquet,entailment,0.25,3000,0.0001,none,11138,0,32767,2,0.826374859708193,0.8209156193895871,121,8.740467548370361,
qp_TEA_sae_layer16.parquet,entailment,0.25,4000,0.0001,none,11138,0,32767,2,0.826374859708193,0.8209156193895871,121,8.740182161331177,
qp_TEA_sae_layer16.parquet,entailment,0.25,5000,0.0001,none,11138,0,32767,2,0.826374859708193,0.8209156193895871,121,8.641624212265015,
qp_TEA_sae_layer16.parquet,entailment,0.5,1000,0.0001,none,11138,0,32767,2,0.8530864197530864,0.8370736086175943,213,18.082531213760376,
qp_TEA_sae_layer16.parquet,entailment,0.5,2000,0.0001,none,11138,0,32767,2,0.8530864197530864,0.8370736086175943,213,17.959224462509155,
qp_TEA_sae_layer16.parquet,entailment,0.5,3000,0.0001,none,11138,0,32767,2,0.8530864197530864,0.8370736086175943,213,18.02160406112671,
qp_TEA_sae_layer16.parquet,entailment,0.5,4000,0.0001,none,11138,0,32767,2,0.8531986531986532,0.8370736086175943,212,18.02078151702881,
qp_TEA_sae_layer16.parquet,entailment,0.5,5000,0.0001,none,11138,0,32767,2,0.8530864197530864,0.8370736086175943,213,18.05508041381836,
qp_TEA_sae_layer16.parquet,entailment,1.0,1000,0.0001,none,11138,0,32767,2,0.8789001122334456,0.8456014362657092,341,37.576460123062134,
qp_TEA_sae_layer16.parquet,entailment,1.0,2000,0.0001,none,11138,0,32767,2,0.8789001122334456,0.8456014362657092,341,37.71653461456299,
qp_TEA_sae_layer16.parquet,entailment,1.0,3000,0.0001,none,11138,0,32767,2,0.8789001122334456,0.8456014362657092,341,37.668678998947144,
qp_TEA_sae_layer16.parquet,entailment,1.0,4000,0.0001,none,11138,0,32767,2,0.8789001122334456,0.8456014362657092,341,37.924641132354736,
qp_TEA_sae_layer16.parquet,entailment,1.0,5000,0.0001,none,11138,0,32767,2,0.8789001122334456,0.8456014362657092,342,37.69584393501282,
qp_TEA_sae_layer17.parquet,entailment,0.25,1000,0.0001,none,11138,0,32765,2,0.8244668911335578,0.8245062836624776,109,14.718074798583984,
qp_TEA_sae_layer17.parquet,entailment,0.25,2000,0.0001,none,11138,0,32765,2,0.8244668911335578,0.8245062836624776,109,14.746312141418457,
qp_TEA_sae_layer17.parquet,entailment,0.25,3000,0.0001,none,11138,0,32765,2,0.8244668911335578,0.8245062836624776,109,14.686718702316284,
qp_TEA_sae_layer17.parquet,entailment,0.25,4000,0.0001,none,11138,0,32765,2,0.8244668911335578,0.8245062836624776,109,14.722028493881226,
qp_TEA_sae_layer17.parquet,entailment,0.25,5000,0.0001,none,11138,0,32765,2,0.8244668911335578,0.8245062836624776,109,14.785206079483032,
qp_TEA_sae_layer17.parquet,entailment,0.5,1000,0.0001,none,11138,0,32765,2,0.8527497194163861,0.8402154398563735,191,23.08588671684265,
qp_TEA_sae_layer17.parquet,entailment,0.5,2000,0.0001,none,11138,0,32765,2,0.8527497194163861,0.8402154398563735,191,23.412372827529907,
qp_TEA_sae_layer17.parquet,entailment,0.5,3000,0.0001,none,11138,0,32765,2,0.8527497194163861,0.8402154398563735,191,23.2844877243042,
qp_TEA_sae_layer17.parquet,entailment,0.5,4000,0.0001,none,11138,0,32765,2,0.8528619528619529,0.8402154398563735,191,22.921710968017578,
qp_TEA_sae_layer17.parquet,entailment,0.5,5000,0.0001,none,11138,0,32765,2,0.8527497194163861,0.8402154398563735,191,23.138355493545532,
qp_TEA_sae_layer17.parquet,entailment,1.0,1000,0.0001,none,11138,0,32765,2,0.8799102132435466,0.854129263913824,344,39.36721158027649,
qp_TEA_sae_layer17.parquet,entailment,1.0,2000,0.0001,none,11138,0,32765,2,0.8799102132435466,0.854129263913824,342,38.95962691307068,
qp_TEA_sae_layer17.parquet,entailment,1.0,3000,0.0001,none,11138,0,32765,2,0.8799102132435466,0.854129263913824,342,38.950849294662476,
qp_TEA_sae_layer17.parquet,entailment,1.0,4000,0.0001,none,11138,0,32765,2,0.8799102132435466,0.854129263913824,345,38.083070039749146,
qp_TEA_sae_layer17.parquet,entailment,1.0,5000,0.0001,none,11138,0,32765,2,0.8799102132435466,0.854129263913824,344,37.94854712486267,
qp_TEA_sae_layer18.parquet,entailment,0.25,1000,0.0001,none,11138,0,32767,2,0.8228956228956229,0.8110412926391383,101,7.066866397857666,
qp_TEA_sae_layer18.parquet,entailment,0.25,2000,0.0001,none,11138,0,32767,2,0.8228956228956229,0.8110412926391383,101,7.087569713592529,
qp_TEA_sae_layer18.parquet,entailment,0.25,3000,0.0001,none,11138,0,32767,2,0.8228956228956229,0.8110412926391383,101,7.045623779296875,
qp_TEA_sae_layer18.parquet,entailment,0.25,4000,0.0001,none,11138,0,32767,2,0.8228956228956229,0.8110412926391383,101,7.006853342056274,
qp_TEA_sae_layer18.parquet,entailment,0.25,5000,0.0001,none,11138,0,32767,2,0.8227833894500561,0.8105924596050269,100,7.04767107963562,
qp_TEA_sae_layer18.parquet,entailment,0.5,1000,0.0001,none,11138,0,32767,2,0.8453423120089787,0.8267504488330341,198,18.845744848251343,
qp_TEA_sae_layer18.parquet,entailment,0.5,2000,0.0001,none,11138,0,32767,2,0.8453423120089787,0.8267504488330341,198,18.898534774780273,
qp_TEA_sae_layer18.parquet,entailment,0.5,3000,0.0001,none,11138,0,32767,2,0.8453423120089787,0.8267504488330341,198,18.779102087020874,
qp_TEA_sae_layer18.parquet,entailment,0.5,4000,0.0001,none,11138,0,32767,2,0.8454545454545455,0.8267504488330341,200,18.755039930343628,
qp_TEA_sae_layer18.parquet,entailment,0.5,5000,0.0001,none,11138,0,32767,2,0.8453423120089787,0.8267504488330341,198,18.785470485687256,
qp_TEA_sae_layer18.parquet,entailment,1.0,1000,0.0001,none,11138,0,32767,2,0.8736251402918069,0.8411131059245961,345,56.640238523483276,
qp_TEA_sae_layer18.parquet,entailment,1.0,2000,0.0001,none,11138,0,32767,2,0.8736251402918069,0.8411131059245961,348,56.595797300338745,
qp_TEA_sae_layer18.parquet,entailment,1.0,3000,0.0001,none,11138,0,32767,2,0.8736251402918069,0.8411131059245961,345,56.76330351829529,
qp_TEA_sae_layer18.parquet,entailment,1.0,4000,0.0001,none,11138,0,32767,2,0.8736251402918069,0.8411131059245961,345,56.509700775146484,
qp_TEA_sae_layer18.parquet,entailment,1.0,5000,0.0001,none,11138,0,32767,2,0.8736251402918069,0.8411131059245961,345,56.66291785240173,
qp_TEA_sae_layer19.parquet,entailment,0.25,1000,0.0001,none,11138,0,32764,2,0.8228956228956229,0.8168761220825853,118,7.798644542694092,
qp_TEA_sae_layer19.parquet,entailment,0.25,2000,0.0001,none,11138,0,32764,2,0.8228956228956229,0.8168761220825853,118,7.7563254833221436,
qp_TEA_sae_layer19.parquet,entailment,0.25,3000,0.0001,none,11138,0,32764,2,0.8228956228956229,0.816427289048474,118,7.913758993148804,
qp_TEA_sae_layer19.parquet,entailment,0.25,4000,0.0001,none,11138,0,32764,2,0.8228956228956229,0.816427289048474,118,7.8822691440582275,
qp_TEA_sae_layer19.parquet,entailment,0.25,5000,0.0001,none,11138,0,32764,2,0.8228956228956229,0.8168761220825853,118,7.776867866516113,
qp_TEA_sae_layer19.parquet,entailment,0.5,1000,0.0001,none,11138,0,32764,2,0.8508417508417508,0.8357271095152603,194,13.574083089828491,
qp_TEA_sae_layer19.parquet,entailment,0.5,2000,0.0001,none,11138,0,32764,2,0.8508417508417508,0.8357271095152603,194,13.535298824310303,
qp_TEA_sae_layer19.parquet,entailment,0.5,3000,0.0001,none,11138,0,32764,2,0.8508417508417508,0.8357271095152603,193,13.455005407333374,
qp_TEA_sae_layer19.parquet,entailment,0.5,4000,0.0001,none,11138,0,32764,2,0.8508417508417508,0.8357271095152603,193,13.517385005950928,
qp_TEA_sae_layer19.parquet,entailment,0.5,5000,0.0001,none,11138,0,32764,2,0.8508417508417508,0.8357271095152603,194,13.503950595855713,
qp_TEA_sae_layer19.parquet,entailment,1.0,1000,0.0001,none,11138,0,32764,2,0.8764309764309764,0.8500897666068222,338,41.18783450126648,
qp_TEA_sae_layer19.parquet,entailment,1.0,2000,0.0001,none,11138,0,32764,2,0.8764309764309764,0.8500897666068222,338,41.168039321899414,
qp_TEA_sae_layer19.parquet,entailment,1.0,3000,0.0001,none,11138,0,32764,2,0.8764309764309764,0.8500897666068222,338,41.15440821647644,
qp_TEA_sae_layer19.parquet,entailment,1.0,4000,0.0001,none,11138,0,32764,2,0.8764309764309764,0.8500897666068222,338,41.57458162307739,
qp_TEA_sae_layer19.parquet,entailment,1.0,5000,0.0001,none,11138,0,32764,2,0.8764309764309764,0.8500897666068222,338,41.17218279838562,
qp_TEA_sae_layer2.parquet,entailment,0.25,1000,0.0001,none,11138,0,32767,2,0.7960718294051627,0.7939856373429084,69,35.22821831703186,
qp_TEA_sae_layer2.parquet,entailment,0.25,2000,0.0001,none,11138,0,32767,2,0.795959595959596,0.7939856373429084,69,35.12590837478638,
qp_TEA_sae_layer2.parquet,entailment,0.25,3000,0.0001,none,11138,0,32767,2,0.795959595959596,0.7939856373429084,69,35.12274622917175,
qp_TEA_sae_layer2.parquet,entailment,0.25,4000,0.0001,none,11138,0,32767,2,0.795959595959596,0.7939856373429084,69,34.98670697212219,
qp_TEA_sae_layer2.parquet,entailment,0.25,5000,0.0001,none,11138,0,32767,2,0.795959595959596,0.7939856373429084,69,35.182438373565674,
qp_TEA_sae_layer2.parquet,entailment,0.5,1000,0.0001,none,11138,0,32767,2,0.8095398428731762,0.797576301615799,116,45.88260078430176,
qp_TEA_sae_layer2.parquet,entailment,0.5,2000,0.0001,none,11138,0,32767,2,0.8097643097643098,0.797576301615799,112,71.61614537239075,
qp_TEA_sae_layer2.parquet,entailment,0.5,3000,0.0001,none,11138,0,32767,2,0.8097643097643098,0.797576301615799,112,71.33089542388916,
qp_TEA_sae_layer2.parquet,entailment,0.5,4000,0.0001,none,11138,0,32767,2,0.8097643097643098,0.797576301615799,112,71.76777052879333,
qp_TEA_sae_layer2.parquet,entailment,0.5,5000,0.0001,none,11138,0,32767,2,0.8097643097643098,0.797576301615799,112,71.64958357810974,
qp_TEA_sae_layer2.parquet,entailment,1.0,1000,0.0001,none,11138,0,32767,2,0.8236812570145904,0.8047576301615799,182,51.06202745437622,
qp_TEA_sae_layer2.parquet,entailment,1.0,2000,0.0001,none,11138,0,32767,2,0.8239057239057239,0.8047576301615799,181,53.0454044342041,
qp_TEA_sae_layer2.parquet,entailment,1.0,3000,0.0001,none,11138,0,32767,2,0.8239057239057239,0.8047576301615799,181,53.23232126235962,
qp_TEA_sae_layer2.parquet,entailment,1.0,4000,0.0001,none,11138,0,32767,2,0.8239057239057239,0.8047576301615799,181,53.19666886329651,
qp_TEA_sae_layer2.parquet,entailment,1.0,5000,0.0001,none,11138,0,32767,2,0.8239057239057239,0.8047576301615799,181,52.822441816329956,
qp_TEA_sae_layer20.parquet,entailment,0.25,1000,0.0001,none,11138,0,32761,2,0.8133557800224467,0.8087971274685817,121,10.062555074691772,
qp_TEA_sae_layer20.parquet,entailment,0.25,2000,0.0001,none,11138,0,32761,2,0.8133557800224467,0.8087971274685817,121,10.097468852996826,
qp_TEA_sae_layer20.parquet,entailment,0.25,3000,0.0001,none,11138,0,32761,2,0.8133557800224467,0.8087971274685817,121,10.069185256958008,
qp_TEA_sae_layer20.parquet,entailment,0.25,4000,0.0001,none,11138,0,32761,2,0.8133557800224467,0.8087971274685817,121,10.218412399291992,
qp_TEA_sae_layer20.parquet,entailment,0.25,5000,0.0001,none,11138,0,32761,2,0.8133557800224467,0.8087971274685817,121,10.09382176399231,
qp_TEA_sae_layer20.parquet,entailment,0.5,1000,0.0001,none,11138,0,32761,2,0.843658810325477,0.8195691202872532,233,19.616219758987427,
qp_TEA_sae_layer20.parquet,entailment,0.5,2000,0.0001,none,11138,0,32761,2,0.8434343434343434,0.8195691202872532,233,19.556617259979248,
qp_TEA_sae_layer20.parquet,entailment,0.5,3000,0.0001,none,11138,0,32761,2,0.8434343434343434,0.8195691202872532,233,19.41533589363098,
qp_TEA_sae_layer20.parquet,entailment,0.5,4000,0.0001,none,11138,0,32761,2,0.8434343434343434,0.8195691202872532,233,19.440113067626953,
qp_TEA_sae_layer20.parquet,entailment,0.5,5000,0.0001,none,11138,0,32761,2,0.8434343434343434,0.8195691202872532,233,19.79751706123352,
qp_TEA_sae_layer20.parquet,entailment,1.0,1000,0.0001,none,11138,0,32761,2,0.8726150392817059,0.8325852782764811,360,45.45068883895874,
qp_TEA_sae_layer20.parquet,entailment,1.0,2000,0.0001,none,11138,0,32761,2,0.8726150392817059,0.8325852782764811,360,45.41598439216614,
qp_TEA_sae_layer20.parquet,entailment,1.0,3000,0.0001,none,11138,0,32761,2,0.8726150392817059,0.8325852782764811,360,45.350608587265015,
qp_TEA_sae_layer20.parquet,entailment,1.0,4000,0.0001,none,11138,0,32761,2,0.8726150392817059,0.8325852782764811,360,45.47512745857239,
qp_TEA_sae_layer20.parquet,entailment,1.0,5000,0.0001,none,11138,0,32761,2,0.8726150392817059,0.8325852782764811,360,45.21587562561035,
qp_TEA_sae_layer21.parquet,entailment,0.25,1000,0.0001,none,11138,0,32755,2,0.8021324354657688,0.8011669658886894,115,8.189814567565918,
qp_TEA_sae_layer21.parquet,entailment,0.25,2000,0.0001,none,11138,0,32755,2,0.8021324354657688,0.8011669658886894,115,8.194902181625366,
qp_TEA_sae_layer21.parquet,entailment,0.25,3000,0.0001,none,11138,0,32755,2,0.8021324354657688,0.8011669658886894,115,8.200101375579834,
qp_TEA_sae_layer21.parquet,entailment,0.25,4000,0.0001,none,11138,0,32755,2,0.8021324354657688,0.8011669658886894,115,8.204483270645142,
qp_TEA_sae_layer21.parquet,entailment,0.25,5000,0.0001,none,11138,0,32755,2,0.8021324354657688,0.8011669658886894,115,8.230545282363892,
qp_TEA_sae_layer21.parquet,entailment,0.5,1000,0.0001,none,11138,0,32755,2,0.8309764309764309,0.816427289048474,211,21.347150325775146,
qp_TEA_sae_layer21.parquet,entailment,0.5,2000,0.0001,none,11138,0,32755,2,0.8309764309764309,0.816427289048474,211,21.17630362510681,
qp_TEA_sae_layer21.parquet,entailment,0.5,3000,0.0001,none,11138,0,32755,2,0.8309764309764309,0.816427289048474,211,21.109732627868652,
qp_TEA_sae_layer21.parquet,entailment,0.5,4000,0.0001,none,11138,0,32755,2,0.8309764309764309,0.816427289048474,211,21.188820838928223,
qp_TEA_sae_layer21.parquet,entailment,0.5,5000,0.0001,none,11138,0,32755,2,0.8309764309764309,0.816427289048474,211,21.157084465026855,
qp_TEA_sae_layer21.parquet,entailment,1.0,1000,0.0001,none,11138,0,32755,2,0.8622895622895623,0.8330341113105925,341,46.37613010406494,
qp_TEA_sae_layer21.parquet,entailment,1.0,2000,0.0001,none,11138,0,32755,2,0.8622895622895623,0.8330341113105925,341,46.40715217590332,
qp_TEA_sae_layer21.parquet,entailment,1.0,3000,0.0001,none,11138,0,32755,2,0.8622895622895623,0.8330341113105925,341,46.45145320892334,
qp_TEA_sae_layer21.parquet,entailment,1.0,4000,0.0001,none,11138,0,32755,2,0.8622895622895623,0.8325852782764811,341,45.21947240829468,
qp_TEA_sae_layer21.parquet,entailment,1.0,5000,0.0001,none,11138,0,32755,2,0.8622895622895623,0.8330341113105925,341,46.36694407463074,
qp_TEA_sae_layer22.parquet,entailment,0.25,1000,0.0001,none,11138,0,32761,2,0.8039281705948372,0.7998204667863554,110,25.359204292297363,
qp_TEA_sae_layer22.parquet,entailment,0.25,2000,0.0001,none,11138,0,32761,2,0.8039281705948372,0.7998204667863554,110,26.40192437171936,
qp_TEA_sae_layer22.parquet,entailment,0.25,3000,0.0001,none,11138,0,32761,2,0.8039281705948372,0.7998204667863554,110,26.546712636947632,
qp_TEA_sae_layer22.parquet,entailment,0.25,4000,0.0001,none,11138,0,32761,2,0.8039281705948372,0.7998204667863554,110,26.638307094573975,
qp_TEA_sae_layer22.parquet,entailment,0.25,5000,0.0001,none,11138,0,32761,2,0.8039281705948372,0.7998204667863554,110,26.87214756011963,
qp_TEA_sae_layer22.parquet,entailment,0.5,1000,0.0001,none,11138,0,32761,2,0.8297418630751964,0.8227109515260324,205,22.99466061592102,
qp_TEA_sae_layer22.parquet,entailment,0.5,2000,0.0001,none,11138,0,32761,2,0.8297418630751964,0.8227109515260324,205,23.199955940246582,
qp_TEA_sae_layer22.parquet,entailment,0.5,3000,0.0001,none,11138,0,32761,2,0.8298540965207631,0.8227109515260324,205,23.050861835479736,
qp_TEA_sae_layer22.parquet,entailment,0.5,4000,0.0001,none,11138,0,32761,2,0.8297418630751964,0.8227109515260324,205,23.171831846237183,
qp_TEA_sae_layer22.parquet,entailment,0.5,5000,0.0001,none,11138,0,32761,2,0.8298540965207631,0.8227109515260324,205,23.32941961288452,
qp_TEA_sae_layer22.parquet,entailment,1.0,1000,0.0001,none,11138,0,32761,2,0.8534231200897867,0.8357271095152603,353,55.67495012283325,
qp_TEA_sae_layer22.parquet,entailment,1.0,2000,0.0001,none,11138,0,32761,2,0.8534231200897867,0.8357271095152603,353,55.42063546180725,
qp_TEA_sae_layer22.parquet,entailment,1.0,3000,0.0001,none,11138,0,32761,2,0.8534231200897867,0.8357271095152603,353,55.59186005592346,
qp_TEA_sae_layer22.parquet,entailment,1.0,4000,0.0001,none,11138,0,32761,2,0.8534231200897867,0.8357271095152603,353,55.39077877998352,
qp_TEA_sae_layer22.parquet,entailment,1.0,5000,0.0001,none,11138,0,32761,2,0.8534231200897867,0.8357271095152603,353,55.88509202003479,
qp_TEA_sae_layer23.parquet,entailment,0.25,1000,0.0001,none,11138,0,32763,2,0.8008978675645342,0.7989228007181328,115,8.135846138000488,
qp_TEA_sae_layer23.parquet,entailment,0.25,2000,0.0001,none,11138,0,32763,2,0.8008978675645342,0.7989228007181328,115,8.283739566802979,
qp_TEA_sae_layer23.parquet,entailment,0.25,3000,0.0001,none,11138,0,32763,2,0.8008978675645342,0.7989228007181328,115,8.31382966041565,
qp_TEA_sae_layer23.parquet,entailment,0.25,4000,0.0001,none,11138,0,32763,2,0.8008978675645342,0.7989228007181328,115,8.354974508285522,
qp_TEA_sae_layer23.parquet,entailment,0.25,5000,0.0001,none,11138,0,32763,2,0.8008978675645342,0.7989228007181328,115,8.253568410873413,
qp_TEA_sae_layer23.parquet,entailment,0.5,1000,0.0001,none,11138,0,32763,2,0.8316498316498316,0.8128366247755835,206,18.93600368499756,
qp_TEA_sae_layer23.parquet,entailment,0.5,2000,0.0001,none,11138,0,32763,2,0.8316498316498316,0.8128366247755835,206,19.087525844573975,
qp_TEA_sae_layer23.parquet,entailment,0.5,3000,0.0001,none,11138,0,32763,2,0.8316498316498316,0.8128366247755835,206,18.88499093055725,
qp_TEA_sae_layer23.parquet,entailment,0.5,4000,0.0001,none,11138,0,32763,2,0.8316498316498316,0.8128366247755835,206,18.812719106674194,
qp_TEA_sae_layer23.parquet,entailment,0.5,5000,0.0001,none,11138,0,32763,2,0.8316498316498316,0.8128366247755835,207,18.946892738342285,
qp_TEA_sae_layer23.parquet,entailment,1.0,1000,0.0001,none,11138,0,32763,2,0.8567901234567902,0.8240574506283662,339,47.23616147041321,
qp_TEA_sae_layer23.parquet,entailment,1.0,2000,0.0001,none,11138,0,32763,2,0.8567901234567902,0.8240574506283662,339,47.4887855052948,
qp_TEA_sae_layer23.parquet,entailment,1.0,3000,0.0001,none,11138,0,32763,2,0.8567901234567902,0.8240574506283662,339,47.43676209449768,
qp_TEA_sae_layer23.parquet,entailment,1.0,4000,0.0001,none,11138,0,32763,2,0.8567901234567902,0.8240574506283662,339,47.316930294036865,
qp_TEA_sae_layer23.parquet,entailment,1.0,5000,0.0001,none,11138,0,32763,2,0.8567901234567902,0.8240574506283662,339,47.26724195480347,
qp_TEA_sae_layer24.parquet,entailment,0.25,1000,0.0001,none,11138,0,32767,2,0.7886644219977553,0.7899461400359067,85,18.077492475509644,
qp_TEA_sae_layer24.parquet,entailment,0.25,2000,0.0001,none,11138,0,32767,2,0.7886644219977553,0.7899461400359067,85,17.703379154205322,
qp_TEA_sae_layer24.parquet,entailment,0.25,3000,0.0001,none,11138,0,32767,2,0.7886644219977553,0.7899461400359067,85,17.856531858444214,
qp_TEA_sae_layer24.parquet,entailment,0.25,4000,0.0001,none,11138,0,32767,2,0.7886644219977553,0.7899461400359067,85,17.60483193397522,
qp_TEA_sae_layer24.parquet,entailment,0.25,5000,0.0001,none,11138,0,32767,2,0.7886644219977553,0.7899461400359067,85,17.74756908416748,
qp_TEA_sae_layer24.parquet,entailment,0.5,1000,0.0001,none,11138,0,32767,2,0.8068462401795735,0.7980251346499102,155,21.363467931747437,
qp_TEA_sae_layer24.parquet,entailment,0.5,2000,0.0001,none,11138,0,32767,2,0.8068462401795735,0.7980251346499102,155,21.414008378982544,
qp_TEA_sae_layer24.parquet,entailment,0.5,3000,0.0001,none,11138,0,32767,2,0.8068462401795735,0.7980251346499102,155,21.345625638961792,
qp_TEA_sae_layer24.parquet,entailment,0.5,4000,0.0001,none,11138,0,32767,2,0.8068462401795735,0.7980251346499102,155,21.44161891937256,
qp_TEA_sae_layer24.parquet,entailment,0.5,5000,0.0001,none,11138,0,32767,2,0.8068462401795735,0.7980251346499102,155,21.548419952392578,
qp_TEA_sae_layer24.parquet,entailment,1.0,1000,0.0001,none,11138,0,32767,2,0.8306397306397306,0.8101436265709157,282,40.0666606426239,
qp_TEA_sae_layer24.parquet,entailment,1.0,2000,0.0001,none,11138,0,32767,2,0.8305274971941639,0.8101436265709157,282,40.58981490135193,
qp_TEA_sae_layer24.parquet,entailment,1.0,3000,0.0001,none,11138,0,32767,2,0.8306397306397306,0.8101436265709157,282,39.82711625099182,
qp_TEA_sae_layer24.parquet,entailment,1.0,4000,0.0001,none,11138,0,32767,2,0.8306397306397306,0.8101436265709157,282,40.002076387405396,
qp_TEA_sae_layer24.parquet,entailment,1.0,5000,0.0001,none,11138,0,32767,2,0.8306397306397306,0.8101436265709157,282,39.982678174972534,
qp_TEA_sae_layer3.parquet,entailment,0.25,1000,0.0001,none,11138,0,32763,2,0.7998877665544332,0.7939856373429084,78,12.516674041748047,
qp_TEA_sae_layer3.parquet,entailment,0.25,2000,0.0001,none,11138,0,32763,2,0.7998877665544332,0.7939856373429084,78,12.569437026977539,
qp_TEA_sae_layer3.parquet,entailment,0.25,3000,0.0001,none,11138,0,32763,2,0.7998877665544332,0.7939856373429084,78,12.493612289428711,
qp_TEA_sae_layer3.parquet,entailment,0.25,4000,0.0001,none,11138,0,32763,2,0.7998877665544332,0.7939856373429084,78,12.362080335617065,
qp_TEA_sae_layer3.parquet,entailment,0.25,5000,0.0001,none,11138,0,32763,2,0.7998877665544332,0.7939856373429084,78,12.510361433029175,
qp_TEA_sae_layer3.parquet,entailment,0.5,1000,0.0001,none,11138,0,32763,2,0.8139169472502806,0.8002692998204668,127,28.462144374847412,
qp_TEA_sae_layer3.parquet,entailment,0.5,2000,0.0001,none,11138,0,32763,2,0.8139169472502806,0.8002692998204668,127,28.48278570175171,
qp_TEA_sae_layer3.parquet,entailment,0.5,3000,0.0001,none,11138,0,32763,2,0.8139169472502806,0.8002692998204668,127,28.529775619506836,
qp_TEA_sae_layer3.parquet,entailment,0.5,4000,0.0001,none,11138,0,32763,2,0.8139169472502806,0.8002692998204668,127,28.356132984161377,
qp_TEA_sae_layer3.parquet,entailment,0.5,5000,0.0001,none,11138,0,32763,2,0.8139169472502806,0.8002692998204668,127,28.16843295097351,
qp_TEA_sae_layer3.parquet,entailment,1.0,1000,0.0001,none,11138,0,32763,2,0.8278338945005612,0.8146319569120287,212,53.29882216453552,
qp_TEA_sae_layer3.parquet,entailment,1.0,2000,0.0001,none,11138,0,32763,2,0.827946127946128,0.8146319569120287,211,55.679999351501465,
qp_TEA_sae_layer3.parquet,entailment,1.0,3000,0.0001,none,11138,0,32763,2,0.827946127946128,0.8146319569120287,211,55.63858675956726,
qp_TEA_sae_layer3.parquet,entailment,1.0,4000,0.0001,none,11138,0,32763,2,0.827946127946128,0.8146319569120287,211,55.63008737564087,
qp_TEA_sae_layer3.parquet,entailment,1.0,5000,0.0001,none,11138,0,32763,2,0.827946127946128,0.8146319569120287,211,55.40542149543762,
qp_TEA_sae_layer4.parquet,entailment,0.25,1000,0.0001,none,11138,0,32766,2,0.8028058361391694,0.7998204667863554,74,10.471872806549072,
qp_TEA_sae_layer4.parquet,entailment,0.25,2000,0.0001,none,11138,0,32766,2,0.8028058361391694,0.7998204667863554,74,10.342070817947388,
qp_TEA_sae_layer4.parquet,entailment,0.25,3000,0.0001,none,11138,0,32766,2,0.8028058361391694,0.7998204667863554,74,10.464231491088867,
qp_TEA_sae_layer4.parquet,entailment,0.25,4000,0.0001,none,11138,0,32766,2,0.8028058361391694,0.7998204667863554,74,10.350960731506348,
qp_TEA_sae_layer4.parquet,entailment,0.25,5000,0.0001,none,11138,0,32766,2,0.8028058361391694,0.7998204667863554,74,10.27994990348816,
qp_TEA_sae_layer4.parquet,entailment,0.5,1000,0.0001,none,11138,0,32766,2,0.8143658810325477,0.8132854578096947,125,28.921023845672607,
qp_TEA_sae_layer4.parquet,entailment,0.5,2000,0.0001,none,11138,0,32766,2,0.8143658810325477,0.8132854578096947,125,28.67575740814209,
qp_TEA_sae_layer4.parquet,entailment,0.5,3000,0.0001,none,11138,0,32766,2,0.8143658810325477,0.8132854578096947,125,28.77873396873474,
qp_TEA_sae_layer4.parquet,entailment,0.5,4000,0.0001,none,11138,0,32766,2,0.8143658810325477,0.8132854578096947,125,28.541022539138794,
qp_TEA_sae_layer4.parquet,entailment,0.5,5000,0.0001,none,11138,0,32766,2,0.8143658810325477,0.8132854578096947,125,28.622058868408203,
qp_TEA_sae_layer4.parquet,entailment,1.0,1000,0.0001,none,11138,0,32766,2,0.8298540965207631,0.8204667863554758,195,51.80026388168335,
qp_TEA_sae_layer4.parquet,entailment,1.0,2000,0.0001,none,11138,0,32766,2,0.8298540965207631,0.8204667863554758,195,51.90214800834656,
qp_TEA_sae_layer4.parquet,entailment,1.0,3000,0.0001,none,11138,0,32766,2,0.8298540965207631,0.8204667863554758,195,52.00170636177063,
qp_TEA_sae_layer4.parquet,entailment,1.0,4000,0.0001,none,11138,0,32766,2,0.8298540965207631,0.8204667863554758,195,52.04776573181152,
qp_TEA_sae_layer4.parquet,entailment,1.0,5000,0.0001,none,11138,0,32766,2,0.8298540965207631,0.8204667863554758,195,52.236122131347656,
qp_TEA_sae_layer5.parquet,entailment,0.25,1000,0.0001,none,11138,0,32768,2,0.8005611672278339,0.7989228007181328,78,20.431488037109375,
qp_TEA_sae_layer5.parquet,entailment,0.25,2000,0.0001,none,11138,0,32768,2,0.8005611672278339,0.7989228007181328,78,20.435730934143066,
qp_TEA_sae_layer5.parquet,entailment,0.25,3000,0.0001,none,11138,0,32768,2,0.8005611672278339,0.7989228007181328,78,20.427058696746826,
qp_TEA_sae_layer5.parquet,entailment,0.25,4000,0.0001,none,11138,0,32768,2,0.8005611672278339,0.7989228007181328,78,20.010486364364624,
qp_TEA_sae_layer5.parquet,entailment,0.25,5000,0.0001,none,11138,0,32768,2,0.8005611672278339,0.7989228007181328,78,19.943824529647827,
qp_TEA_sae_layer5.parquet,entailment,0.5,1000,0.0001,none,11138,0,32768,2,0.8145903479236812,0.8101436265709157,130,38.6721510887146,
qp_TEA_sae_layer5.parquet,entailment,0.5,2000,0.0001,none,11138,0,32768,2,0.814702581369248,0.8101436265709157,128,38.629801750183105,
qp_TEA_sae_layer5.parquet,entailment,0.5,3000,0.0001,none,11138,0,32768,2,0.8145903479236812,0.8101436265709157,130,38.55393719673157,
qp_TEA_sae_layer5.parquet,entailment,0.5,4000,0.0001,none,11138,0,32768,2,0.814702581369248,0.8101436265709157,128,38.50214171409607,
qp_TEA_sae_layer5.parquet,entailment,0.5,5000,0.0001,none,11138,0,32768,2,0.814702581369248,0.8101436265709157,128,38.38262438774109,
qp_TEA_sae_layer5.parquet,entailment,1.0,1000,0.0001,none,11138,0,32768,2,0.8309764309764309,0.8218132854578097,198,52.74641513824463,
qp_TEA_sae_layer5.parquet,entailment,1.0,2000,0.0001,none,11138,0,32768,2,0.8310886644219978,0.8218132854578097,199,72.567049741745,
qp_TEA_sae_layer5.parquet,entailment,1.0,3000,0.0001,none,11138,0,32768,2,0.8310886644219978,0.8218132854578097,199,72.63775873184204,
qp_TEA_sae_layer5.parquet,entailment,1.0,4000,0.0001,none,11138,0,32768,2,0.8310886644219978,0.8218132854578097,199,71.7241759300232,
qp_TEA_sae_layer5.parquet,entailment,1.0,5000,0.0001,none,11138,0,32768,2,0.8310886644219978,0.8218132854578097,199,71.9230945110321,
qp_TEA_sae_layer6.parquet,entailment,0.25,1000,0.0001,none,11138,0,32763,2,0.8032547699214366,0.796229802513465,82,17.09280276298523,
qp_TEA_sae_layer6.parquet,entailment,0.25,2000,0.0001,none,11138,0,32763,2,0.8032547699214366,0.796229802513465,82,17.088583946228027,
qp_TEA_sae_layer6.parquet,entailment,0.25,3000,0.0001,none,11138,0,32763,2,0.8032547699214366,0.796229802513465,82,17.102426528930664,
qp_TEA_sae_layer6.parquet,entailment,0.25,4000,0.0001,none,11138,0,32763,2,0.8032547699214366,0.796229802513465,82,16.99992609024048,
qp_TEA_sae_layer6.parquet,entailment,0.25,5000,0.0001,none,11138,0,32763,2,0.8032547699214366,0.796229802513465,82,17.118486166000366,
qp_TEA_sae_layer6.parquet,entailment,0.5,1000,0.0001,none,11138,0,32763,2,0.8120089786756454,0.8065529622980251,127,26.863943099975586,
qp_TEA_sae_layer6.parquet,entailment,0.5,2000,0.0001,none,11138,0,32763,2,0.8120089786756454,0.8065529622980251,127,26.827382564544678,
qp_TEA_sae_layer6.parquet,entailment,0.5,3000,0.0001,none,11138,0,32763,2,0.8118967452300786,0.8065529622980251,126,26.92891526222229,
qp_TEA_sae_layer6.parquet,entailment,0.5,4000,0.0001,none,11138,0,32763,2,0.8120089786756454,0.8065529622980251,127,26.925580501556396,
qp_TEA_sae_layer6.parquet,entailment,0.5,5000,0.0001,none,11138,0,32763,2,0.8120089786756454,0.8065529622980251,127,26.93338441848755,
qp_TEA_sae_layer6.parquet,entailment,1.0,1000,0.0001,none,11138,0,32763,2,0.8294051627384961,0.8191202872531418,224,52.94760036468506,
qp_TEA_sae_layer6.parquet,entailment,1.0,2000,0.0001,none,11138,0,32763,2,0.8298540965207631,0.8195691202872532,223,65.82490539550781,
qp_TEA_sae_layer6.parquet,entailment,1.0,3000,0.0001,none,11138,0,32763,2,0.8298540965207631,0.8195691202872532,223,65.66073560714722,
qp_TEA_sae_layer6.parquet,entailment,1.0,4000,0.0001,none,11138,0,32763,2,0.8298540965207631,0.8195691202872532,223,65.38260841369629,
qp_TEA_sae_layer6.parquet,entailment,1.0,5000,0.0001,none,11138,0,32763,2,0.8298540965207631,0.8195691202872532,223,65.26037120819092,
qp_TEA_sae_layer7.parquet,entailment,0.25,1000,0.0001,none,11138,0,32759,2,0.8026936026936027,0.7957809694793537,86,17.33427596092224,
qp_TEA_sae_layer7.parquet,entailment,0.25,2000,0.0001,none,11138,0,32759,2,0.8026936026936027,0.7957809694793537,86,17.391285181045532,
qp_TEA_sae_layer7.parquet,entailment,0.25,3000,0.0001,none,11138,0,32759,2,0.8026936026936027,0.7957809694793537,86,17.35350775718689,
qp_TEA_sae_layer7.parquet,entailment,0.25,4000,0.0001,none,11138,0,32759,2,0.8026936026936027,0.7957809694793537,86,17.392135620117188,
qp_TEA_sae_layer7.parquet,entailment,0.25,5000,0.0001,none,11138,0,32759,2,0.8026936026936027,0.7957809694793537,86,17.225024938583374,
qp_TEA_sae_layer7.parquet,entailment,0.5,1000,0.0001,none,11138,0,32759,2,0.8179573512906846,0.8123877917414721,144,26.12090563774109,
qp_TEA_sae_layer7.parquet,entailment,0.5,2000,0.0001,none,11138,0,32759,2,0.8179573512906846,0.8123877917414721,144,26.112154722213745,
qp_TEA_sae_layer7.parquet,entailment,0.5,3000,0.0001,none,11138,0,32759,2,0.8179573512906846,0.8123877917414721,144,26.283440828323364,
qp_TEA_sae_layer7.parquet,entailment,0.5,4000,0.0001,none,11138,0,32759,2,0.8179573512906846,0.8123877917414721,144,26.233691930770874,
qp_TEA_sae_layer7.parquet,entailment,0.5,5000,0.0001,none,11138,0,32759,2,0.8179573512906846,0.8123877917414721,144,26.21542239189148,
qp_TEA_sae_layer7.parquet,entailment,1.0,1000,0.0001,none,11138,0,32759,2,0.8421997755331089,0.8240574506283662,250,53.86781120300293,
qp_TEA_sae_layer7.parquet,entailment,1.0,2000,0.0001,none,11138,0,32759,2,0.8421997755331089,0.8240574506283662,251,54.14032745361328,
qp_TEA_sae_layer7.parquet,entailment,1.0,3000,0.0001,none,11138,0,32759,2,0.8421997755331089,0.8240574506283662,250,54.53109169006348,
qp_TEA_sae_layer7.parquet,entailment,1.0,4000,0.0001,none,11138,0,32759,2,0.8421997755331089,0.8240574506283662,251,54.13421583175659,
qp_TEA_sae_layer7.parquet,entailment,1.0,5000,0.0001,none,11138,0,32759,2,0.8421997755331089,0.8240574506283662,250,54.164514780044556,
qp_TEA_sae_layer8.parquet,entailment,0.25,1000,0.0001,none,11138,0,32759,2,0.8084175084175084,0.7998204667863554,83,24.309139013290405,
qp_TEA_sae_layer8.parquet,entailment,0.25,2000,0.0001,none,11138,0,32759,2,0.8084175084175084,0.7998204667863554,83,24.46379518508911,
qp_TEA_sae_layer8.parquet,entailment,0.25,3000,0.0001,none,11138,0,32759,2,0.8084175084175084,0.7993716337522442,83,24.248136520385742,
qp_TEA_sae_layer8.parquet,entailment,0.25,4000,0.0001,none,11138,0,32759,2,0.8084175084175084,0.7998204667863554,83,24.339064836502075,
qp_TEA_sae_layer8.parquet,entailment,0.25,5000,0.0001,none,11138,0,32759,2,0.8084175084175084,0.7998204667863554,83,24.25197696685791,
qp_TEA_sae_layer8.parquet,entailment,0.5,1000,0.0001,none,11138,0,32759,2,0.8305274971941639,0.8195691202872532,152,26.100077629089355,
qp_TEA_sae_layer8.parquet,entailment,0.5,2000,0.0001,none,11138,0,32759,2,0.8307519640852974,0.8195691202872532,152,25.914828062057495,
qp_TEA_sae_layer8.parquet,entailment,0.5,3000,0.0001,none,11138,0,32759,2,0.8307519640852974,0.8195691202872532,152,25.870064735412598,
qp_TEA_sae_layer8.parquet,entailment,0.5,4000,0.0001,none,11138,0,32759,2,0.8306397306397306,0.8195691202872532,154,25.958455562591553,
qp_TEA_sae_layer8.parquet,entailment,0.5,5000,0.0001,none,11138,0,32759,2,0.8307519640852974,0.8195691202872532,152,26.501574754714966,
qp_TEA_sae_layer8.parquet,entailment,1.0,1000,0.0001,none,11138,0,32759,2,0.8514029180695848,0.8276481149012568,259,43.3030309677124,
qp_TEA_sae_layer8.parquet,entailment,1.0,2000,0.0001,none,11138,0,32759,2,0.8514029180695848,0.8276481149012568,259,43.083168268203735,
qp_TEA_sae_layer8.parquet,entailment,1.0,3000,0.0001,none,11138,0,32759,2,0.8514029180695848,0.8276481149012568,259,43.10673904418945,
qp_TEA_sae_layer8.parquet,entailment,1.0,4000,0.0001,none,11138,0,32759,2,0.8514029180695848,0.8276481149012568,261,43.02613019943237,
qp_TEA_sae_layer8.parquet,entailment,1.0,5000,0.0001,none,11138,0,32759,2,0.8514029180695848,0.8276481149012568,259,43.07552361488342,
qp_TEA_sae_layer9.parquet,entailment,0.25,1000,0.0001,none,11138,0,32768,2,0.8090909090909091,0.803411131059246,92,11.687995433807373,
qp_TEA_sae_layer9.parquet,entailment,0.25,2000,0.0001,none,11138,0,32768,2,0.8090909090909091,0.803411131059246,92,11.607008695602417,
qp_TEA_sae_layer9.parquet,entailment,0.25,3000,0.0001,none,11138,0,32768,2,0.8092031425364759,0.803411131059246,92,11.560364484786987,
qp_TEA_sae_layer9.parquet,entailment,0.25,4000,0.0001,none,11138,0,32768,2,0.8092031425364759,0.803411131059246,92,11.563998699188232,
qp_TEA_sae_layer9.parquet,entailment,0.25,5000,0.0001,none,11138,0,32768,2,0.8092031425364759,0.803411131059246,92,11.605516195297241,
qp_TEA_sae_layer9.parquet,entailment,0.5,1000,0.0001,none,11138,0,32768,2,0.828956228956229,0.8191202872531418,165,19.434860944747925,
qp_TEA_sae_layer9.parquet,entailment,0.5,2000,0.0001,none,11138,0,32768,2,0.8290684624017958,0.8195691202872532,165,19.431196928024292,
qp_TEA_sae_layer9.parquet,entailment,0.5,3000,0.0001,none,11138,0,32768,2,0.828956228956229,0.8191202872531418,165,19.40520715713501,
qp_TEA_sae_layer9.parquet,entailment,0.5,4000,0.0001,none,11138,0,32768,2,0.828956228956229,0.8191202872531418,165,19.54574179649353,
qp_TEA_sae_layer9.parquet,entailment,0.5,5000,0.0001,none,11138,0,32768,2,0.8290684624017958,0.8195691202872532,165,19.42058801651001,
qp_TEA_sae_layer9.parquet,entailment,1.0,1000,0.0001,none,11138,0,32768,2,0.847250280583614,0.8348294434470377,294,39.08222556114197,
qp_TEA_sae_layer9.parquet,entailment,1.0,2000,0.0001,none,11138,0,32768,2,0.847250280583614,0.8348294434470377,294,39.20430588722229,
qp_TEA_sae_layer9.parquet,entailment,1.0,3000,0.0001,none,11138,0,32768,2,0.847250280583614,0.8348294434470377,294,39.369476079940796,
qp_TEA_sae_layer9.parquet,entailment,1.0,4000,0.0001,none,11138,0,32768,2,0.847250280583614,0.8348294434470377,294,39.26055097579956,
qp_TEA_sae_layer9.parquet,entailment,1.0,5000,0.0001,none,11138,0,32768,2,0.847250280583614,0.8348294434470377,294,39.249003171920776,
qp_TEA_sae_olmo2__layer0.parquet,entailment,0.25,1000,0.0001,none,11138,0,32768,2,0.7907968574635241,0.7868043087971275,69,39.399203300476074,
qp_TEA_sae_olmo2__layer0.parquet,entailment,0.25,2000,0.0001,none,11138,0,32768,2,0.7907968574635241,0.7868043087971275,67,49.28658723831177,
qp_TEA_sae_olmo2__layer0.parquet,entailment,0.25,3000,0.0001,none,11138,0,32768,2,0.7907968574635241,0.7868043087971275,67,48.94625663757324,
qp_TEA_sae_olmo2__layer0.parquet,entailment,0.25,4000,0.0001,none,11138,0,32768,2,0.7907968574635241,0.7868043087971275,67,48.964558124542236,
qp_TEA_sae_olmo2__layer0.parquet,entailment,0.25,5000,0.0001,none,11138,0,32768,2,0.7907968574635241,0.7868043087971275,67,48.958107709884644,
qp_TEA_sae_olmo2__layer0.parquet,entailment,0.5,1000,0.0001,none,11138,0,32768,2,0.8014590347923681,0.7989228007181328,103,40.23708963394165,
qp_TEA_sae_olmo2__layer0.parquet,entailment,0.5,2000,0.0001,none,11138,0,32768,2,0.8014590347923681,0.7989228007181328,103,41.200525999069214,
qp_TEA_sae_olmo2__layer0.parquet,entailment,0.5,3000,0.0001,none,11138,0,32768,2,0.8014590347923681,0.7989228007181328,103,40.829145669937134,
qp_TEA_sae_olmo2__layer0.parquet,entailment,0.5,4000,0.0001,none,11138,0,32768,2,0.8014590347923681,0.7989228007181328,103,40.90827965736389,
qp_TEA_sae_olmo2__layer0.parquet,entailment,0.5,5000,0.0001,none,11138,0,32768,2,0.8014590347923681,0.7989228007181328,103,41.12367105484009,
qp_TEA_sae_olmo2__layer0.parquet,entailment,1.0,1000,0.0001,none,11138,0,32768,2,0.8094276094276094,0.8011669658886894,166,42.40358328819275,
qp_TEA_sae_olmo2__layer0.parquet,entailment,1.0,2000,0.0001,none,11138,0,32768,2,0.8094276094276094,0.8011669658886894,159,83.52919363975525,
qp_TEA_sae_olmo2__layer0.parquet,entailment,1.0,3000,0.0001,none,11138,0,32768,2,0.8094276094276094,0.8011669658886894,158,102.95543813705444,
qp_TEA_sae_olmo2__layer0.parquet,entailment,1.0,4000,0.0001,none,11138,0,32768,2,0.8094276094276094,0.8011669658886894,160,101.9128029346466,
qp_TEA_sae_olmo2__layer0.parquet,entailment,1.0,5000,0.0001,none,11138,0,32768,2,0.8094276094276094,0.8011669658886894,160,102.07461714744568,
qp_TEA_sae_olmo2__layer1.parquet,entailment,0.25,1000,0.0001,none,11138,0,32767,2,0.7996632996632996,0.7939856373429084,71,6.532791376113892,
qp_TEA_sae_olmo2__layer1.parquet,entailment,0.25,2000,0.0001,none,11138,0,32767,2,0.7996632996632996,0.7939856373429084,71,6.684070348739624,
qp_TEA_sae_olmo2__layer1.parquet,entailment,0.25,3000,0.0001,none,11138,0,32767,2,0.7996632996632996,0.7939856373429084,71,6.660351276397705,
qp_TEA_sae_olmo2__layer1.parquet,entailment,0.25,4000,0.0001,none,11138,0,32767,2,0.7996632996632996,0.7939856373429084,71,6.6275012493133545,
qp_TEA_sae_olmo2__layer1.parquet,entailment,0.25,5000,0.0001,none,11138,0,32767,2,0.7996632996632996,0.7939856373429084,71,6.6758482456207275,
qp_TEA_sae_olmo2__layer1.parquet,entailment,0.5,1000,0.0001,none,11138,0,32767,2,0.812682379349046,0.8016157989228008,107,30.404712438583374,
qp_TEA_sae_olmo2__layer1.parquet,entailment,0.5,2000,0.0001,none,11138,0,32767,2,0.812682379349046,0.8016157989228008,106,30.318963527679443,
qp_TEA_sae_olmo2__layer1.parquet,entailment,0.5,3000,0.0001,none,11138,0,32767,2,0.812682379349046,0.8016157989228008,107,30.467731952667236,
qp_TEA_sae_olmo2__layer1.parquet,entailment,0.5,4000,0.0001,none,11138,0,32767,2,0.812682379349046,0.8016157989228008,107,30.334507942199707,
qp_TEA_sae_olmo2__layer1.parquet,entailment,0.5,5000,0.0001,none,11138,0,32767,2,0.812682379349046,0.8016157989228008,106,30.590901613235474,
qp_TEA_sae_olmo2__layer1.parquet,entailment,1.0,1000,0.0001,none,11138,0,32767,2,0.8207631874298541,0.8110412926391383,174,40.73524498939514,
qp_TEA_sae_olmo2__layer1.parquet,entailment,1.0,2000,0.0001,none,11138,0,32767,2,0.8207631874298541,0.8110412926391383,174,40.329129457473755,
qp_TEA_sae_olmo2__layer1.parquet,entailment,1.0,3000,0.0001,none,11138,0,32767,2,0.8207631874298541,0.8114901256732495,173,41.26569867134094,
qp_TEA_sae_olmo2__layer1.parquet,entailment,1.0,4000,0.0001,none,11138,0,32767,2,0.8207631874298541,0.8110412926391383,173,41.40967869758606,
qp_TEA_sae_olmo2__layer1.parquet,entailment,1.0,5000,0.0001,none,11138,0,32767,2,0.8207631874298541,0.8110412926391383,173,41.51938509941101,
qp_TEA_sae_olmo2__layer10.parquet,entailment,0.25,1000,0.0001,none,11138,0,32765,2,0.81672278338945,0.8074506283662477,93,30.144034385681152,
qp_TEA_sae_olmo2__layer10.parquet,entailment,0.25,2000,0.0001,none,11138,0,32765,2,0.81672278338945,0.8074506283662477,93,30.693007707595825,
qp_TEA_sae_olmo2__layer10.parquet,entailment,0.25,3000,0.0001,none,11138,0,32765,2,0.81672278338945,0.8074506283662477,93,30.233558416366577,
qp_TEA_sae_olmo2__layer10.parquet,entailment,0.25,4000,0.0001,none,11138,0,32765,2,0.81672278338945,0.8074506283662477,93,30.57486128807068,
qp_TEA_sae_olmo2__layer10.parquet,entailment,0.25,5000,0.0001,none,11138,0,32765,2,0.81672278338945,0.8074506283662477,93,31.05592179298401,
qp_TEA_sae_olmo2__layer10.parquet,entailment,0.5,1000,0.0001,none,11138,0,32765,2,0.8409652076318743,0.8204667863554758,172,25.085996389389038,
qp_TEA_sae_olmo2__layer10.parquet,entailment,0.5,2000,0.0001,none,11138,0,32765,2,0.8409652076318743,0.8204667863554758,172,25.170602560043335,
qp_TEA_sae_olmo2__layer10.parquet,entailment,0.5,3000,0.0001,none,11138,0,32765,2,0.8409652076318743,0.8204667863554758,171,24.719894886016846,
qp_TEA_sae_olmo2__layer10.parquet,entailment,0.5,4000,0.0001,none,11138,0,32765,2,0.8409652076318743,0.8204667863554758,172,25.141420364379883,
qp_TEA_sae_olmo2__layer10.parquet,entailment,0.5,5000,0.0001,none,11138,0,32765,2,0.8409652076318743,0.8204667863554758,172,24.965222597122192,
qp_TEA_sae_olmo2__layer10.parquet,entailment,1.0,1000,0.0001,none,11138,0,32765,2,0.8638608305274972,0.8343806104129264,290,31.45463252067566,
qp_TEA_sae_olmo2__layer10.parquet,entailment,1.0,2000,0.0001,none,11138,0,32765,2,0.8637485970819304,0.8343806104129264,288,31.21315026283264,
qp_TEA_sae_olmo2__layer10.parquet,entailment,1.0,3000,0.0001,none,11138,0,32765,2,0.8638608305274972,0.8343806104129264,290,31.02151107788086,
qp_TEA_sae_olmo2__layer10.parquet,entailment,1.0,4000,0.0001,none,11138,0,32765,2,0.8638608305274972,0.8343806104129264,287,30.98321223258972,
qp_TEA_sae_olmo2__layer10.parquet,entailment,1.0,5000,0.0001,none,11138,0,32765,2,0.8638608305274972,0.8343806104129264,288,30.981691598892212,
qp_TEA_sae_olmo2__layer11.parquet,entailment,0.25,1000,0.0001,none,11138,0,32762,2,0.8249158249158249,0.8146319569120287,86,9.294317960739136,
qp_TEA_sae_olmo2__layer11.parquet,entailment,0.25,2000,0.0001,none,11138,0,32762,2,0.8249158249158249,0.8146319569120287,87,9.442590236663818,
qp_TEA_sae_olmo2__layer11.parquet,entailment,0.25,3000,0.0001,none,11138,0,32762,2,0.8249158249158249,0.8146319569120287,87,9.268779516220093,
qp_TEA_sae_olmo2__layer11.parquet,entailment,0.25,4000,0.0001,none,11138,0,32762,2,0.8249158249158249,0.8146319569120287,86,9.336577415466309,
qp_TEA_sae_olmo2__layer11.parquet,entailment,0.25,5000,0.0001,none,11138,0,32762,2,0.8249158249158249,0.8146319569120287,86,9.33055853843689,
qp_TEA_sae_olmo2__layer11.parquet,entailment,0.5,1000,0.0001,none,11138,0,32762,2,0.8474747474747475,0.8298922800718133,153,15.95477294921875,
qp_TEA_sae_olmo2__layer11.parquet,entailment,0.5,2000,0.0001,none,11138,0,32762,2,0.8474747474747475,0.8298922800718133,153,15.931055307388306,
qp_TEA_sae_olmo2__layer11.parquet,entailment,0.5,3000,0.0001,none,11138,0,32762,2,0.8474747474747475,0.8298922800718133,153,15.922081708908081,
qp_TEA_sae_olmo2__layer11.parquet,entailment,0.5,4000,0.0001,none,11138,0,32762,2,0.8474747474747475,0.8298922800718133,153,15.985679388046265,
qp_TEA_sae_olmo2__layer11.parquet,entailment,0.5,5000,0.0001,none,11138,0,32762,2,0.8475869809203143,0.829443447037702,153,15.94681453704834,
qp_TEA_sae_olmo2__layer11.parquet,entailment,1.0,1000,0.0001,none,11138,0,32762,2,0.87003367003367,0.8415619389587073,275,45.30231523513794,
qp_TEA_sae_olmo2__layer11.parquet,entailment,1.0,2000,0.0001,none,11138,0,32762,2,0.87003367003367,0.8415619389587073,275,45.10374712944031,
qp_TEA_sae_olmo2__layer11.parquet,entailment,1.0,3000,0.0001,none,11138,0,32762,2,0.8699214365881033,0.8415619389587073,276,45.22272753715515,
qp_TEA_sae_olmo2__layer11.parquet,entailment,1.0,4000,0.0001,none,11138,0,32762,2,0.87003367003367,0.8415619389587073,275,45.302911043167114,
qp_TEA_sae_olmo2__layer11.parquet,entailment,1.0,5000,0.0001,none,11138,0,32762,2,0.8699214365881033,0.8415619389587073,276,45.159695625305176,
qp_TEA_sae_olmo2__layer12.parquet,entailment,0.25,1000,0.0001,none,11138,0,32759,2,0.8144781144781145,0.8061041292639138,91,8.990641593933105,
qp_TEA_sae_olmo2__layer12.parquet,entailment,0.25,2000,0.0001,none,11138,0,32759,2,0.8144781144781145,0.8061041292639138,91,8.969697952270508,
qp_TEA_sae_olmo2__layer12.parquet,entailment,0.25,3000,0.0001,none,11138,0,32759,2,0.8145903479236812,0.8061041292639138,91,8.904703855514526,
qp_TEA_sae_olmo2__layer12.parquet,entailment,0.25,4000,0.0001,none,11138,0,32759,2,0.8145903479236812,0.8061041292639138,91,8.944875478744507,
qp_TEA_sae_olmo2__layer12.parquet,entailment,0.25,5000,0.0001,none,11138,0,32759,2,0.8144781144781145,0.8061041292639138,92,8.998668909072876,
qp_TEA_sae_olmo2__layer12.parquet,entailment,0.5,1000,0.0001,none,11138,0,32759,2,0.8384960718294051,0.8298922800718133,169,24.511752367019653,
qp_TEA_sae_olmo2__layer12.parquet,entailment,0.5,2000,0.0001,none,11138,0,32759,2,0.8384960718294051,0.8298922800718133,169,24.247177839279175,
qp_TEA_sae_olmo2__layer12.parquet,entailment,0.5,3000,0.0001,none,11138,0,32759,2,0.8384960718294051,0.8298922800718133,169,24.485790491104126,
qp_TEA_sae_olmo2__layer12.parquet,entailment,0.5,4000,0.0001,none,11138,0,32759,2,0.8384960718294051,0.8298922800718133,169,24.378909587860107,
qp_TEA_sae_olmo2__layer12.parquet,entailment,0.5,5000,0.0001,none,11138,0,32759,2,0.8384960718294051,0.8298922800718133,169,24.434497356414795,
qp_TEA_sae_olmo2__layer12.parquet,entailment,1.0,1000,0.0001,none,11138,0,32759,2,0.8636363636363636,0.8393177737881508,296,49.10558819770813,
qp_TEA_sae_olmo2__layer12.parquet,entailment,1.0,2000,0.0001,none,11138,0,32759,2,0.8636363636363636,0.8393177737881508,296,48.92793869972229,
qp_TEA_sae_olmo2__layer12.parquet,entailment,1.0,3000,0.0001,none,11138,0,32759,2,0.8636363636363636,0.8393177737881508,297,49.06072783470154,
qp_TEA_sae_olmo2__layer12.parquet,entailment,1.0,4000,0.0001,none,11138,0,32759,2,0.8636363636363636,0.8393177737881508,297,48.8217875957489,
qp_TEA_sae_olmo2__layer12.parquet,entailment,1.0,5000,0.0001,none,11138,0,32759,2,0.8636363636363636,0.8393177737881508,297,49.009028911590576,
qp_TEA_sae_olmo2__layer13.parquet,entailment,0.25,1000,0.0001,none,11138,0,32761,2,0.8112233445566779,0.802064631956912,109,41.46164584159851,
qp_TEA_sae_olmo2__layer13.parquet,entailment,0.25,2000,0.0001,none,11138,0,32761,2,0.8115600448933782,0.802064631956912,109,49.47177004814148,
qp_TEA_sae_olmo2__layer13.parquet,entailment,0.25,3000,0.0001,none,11138,0,32761,2,0.8115600448933782,0.802064631956912,109,49.354334115982056,
qp_TEA_sae_olmo2__layer13.parquet,entailment,0.25,4000,0.0001,none,11138,0,32761,2,0.8115600448933782,0.802064631956912,109,49.525206565856934,
qp_TEA_sae_olmo2__layer13.parquet,entailment,0.25,5000,0.0001,none,11138,0,32761,2,0.8115600448933782,0.802064631956912,109,50.11102557182312,
qp_TEA_sae_olmo2__layer13.parquet,entailment,0.5,1000,0.0001,none,11138,0,32761,2,0.8388327721661055,0.8245062836624776,188,16.178156852722168,
qp_TEA_sae_olmo2__layer13.parquet,entailment,0.5,2000,0.0001,none,11138,0,32761,2,0.8388327721661055,0.8245062836624776,188,16.026545524597168,
qp_TEA_sae_olmo2__layer13.parquet,entailment,0.5,3000,0.0001,none,11138,0,32761,2,0.8388327721661055,0.8245062836624776,188,16.213250398635864,
qp_TEA_sae_olmo2__layer13.parquet,entailment,0.5,4000,0.0001,none,11138,0,32761,2,0.8388327721661055,0.8245062836624776,188,16.018561363220215,
qp_TEA_sae_olmo2__layer13.parquet,entailment,0.5,5000,0.0001,none,11138,0,32761,2,0.8388327721661055,0.8245062836624776,188,16.217033863067627,
qp_TEA_sae_olmo2__layer13.parquet,entailment,1.0,1000,0.0001,none,11138,0,32761,2,0.864983164983165,0.8375224416517055,323,38.192726850509644,
qp_TEA_sae_olmo2__layer13.parquet,entailment,1.0,2000,0.0001,none,11138,0,32761,2,0.864983164983165,0.8375224416517055,323,38.33215951919556,
qp_TEA_sae_olmo2__layer13.parquet,entailment,1.0,3000,0.0001,none,11138,0,32761,2,0.8650953984287317,0.8375224416517055,323,38.12610220909119,
qp_TEA_sae_olmo2__layer13.parquet,entailment,1.0,4000,0.0001,none,11138,0,32761,2,0.864983164983165,0.8375224416517055,323,38.2506468296051,
qp_TEA_sae_olmo2__layer13.parquet,entailment,1.0,5000,0.0001,none,11138,0,32761,2,0.8650953984287317,0.8375224416517055,323,38.037299394607544,
qp_TEA_sae_olmo2__layer14.parquet,entailment,0.25,1000,0.0001,none,11138,0,32767,2,0.8022446689113356,0.7984739676840216,113,8.529634714126587,
qp_TEA_sae_olmo2__layer14.parquet,entailment,0.25,2000,0.0001,none,11138,0,32767,2,0.8022446689113356,0.7984739676840216,113,8.545578718185425,
qp_TEA_sae_olmo2__layer14.parquet,entailment,0.25,3000,0.0001,none,11138,0,32767,2,0.8022446689113356,0.7984739676840216,113,8.534648418426514,
qp_TEA_sae_olmo2__layer14.parquet,entailment,0.25,4000,0.0001,none,11138,0,32767,2,0.8022446689113356,0.7984739676840216,113,8.57001805305481,
qp_TEA_sae_olmo2__layer14.parquet,entailment,0.25,5000,0.0001,none,11138,0,32767,2,0.8022446689113356,0.7984739676840216,113,8.51340651512146,
qp_TEA_sae_olmo2__layer14.parquet,entailment,0.5,1000,0.0001,none,11138,0,32767,2,0.8291806958473625,0.8168761220825853,208,33.96838974952698,
qp_TEA_sae_olmo2__layer14.parquet,entailment,0.5,2000,0.0001,none,11138,0,32767,2,0.8291806958473625,0.8168761220825853,207,33.97576832771301,
qp_TEA_sae_olmo2__layer14.parquet,entailment,0.5,3000,0.0001,none,11138,0,32767,2,0.8291806958473625,0.8168761220825853,207,34.13107895851135,
qp_TEA_sae_olmo2__layer14.parquet,entailment,0.5,4000,0.0001,none,11138,0,32767,2,0.8291806958473625,0.8168761220825853,208,33.915902853012085,
qp_TEA_sae_olmo2__layer14.parquet,entailment,0.5,5000,0.0001,none,11138,0,32767,2,0.8291806958473625,0.8168761220825853,207,33.821701765060425,
qp_TEA_sae_olmo2__layer14.parquet,entailment,1.0,1000,0.0001,none,11138,0,32767,2,0.8565656565656565,0.8231597845601436,342,35.55227971076965,
qp_TEA_sae_olmo2__layer14.parquet,entailment,1.0,2000,0.0001,none,11138,0,32767,2,0.8565656565656565,0.8231597845601436,340,36.34822058677673,
qp_TEA_sae_olmo2__layer14.parquet,entailment,1.0,3000,0.0001,none,11138,0,32767,2,0.8565656565656565,0.8231597845601436,342,36.060492277145386,
qp_TEA_sae_olmo2__layer14.parquet,entailment,1.0,4000,0.0001,none,11138,0,32767,2,0.8565656565656565,0.8231597845601436,340,36.372130155563354,
qp_TEA_sae_olmo2__layer14.parquet,entailment,1.0,5000,0.0001,none,11138,0,32767,2,0.8565656565656565,0.8231597845601436,342,36.144176959991455,
qp_TEA_sae_olmo2__layer15.parquet,entailment,0.25,1000,0.0001,none,11138,0,32767,2,0.8039281705948372,0.7989228007181328,105,8.514214038848877,
qp_TEA_sae_olmo2__layer15.parquet,entailment,0.25,2000,0.0001,none,11138,0,32767,2,0.8039281705948372,0.7989228007181328,105,8.53258204460144,
qp_TEA_sae_olmo2__layer15.parquet,entailment,0.25,3000,0.0001,none,11138,0,32767,2,0.8039281705948372,0.7989228007181328,105,8.589383840560913,
qp_TEA_sae_olmo2__layer15.parquet,entailment,0.25,4000,0.0001,none,11138,0,32767,2,0.8039281705948372,0.7989228007181328,105,8.61596417427063,
qp_TEA_sae_olmo2__layer15.parquet,entailment,0.25,5000,0.0001,none,11138,0,32767,2,0.8038159371492705,0.7989228007181328,105,8.64024043083191,
qp_TEA_sae_olmo2__layer15.parquet,entailment,0.5,1000,0.0001,none,11138,0,32767,2,0.8280583613916948,0.8105924596050269,213,22.587361574172974,
qp_TEA_sae_olmo2__layer15.parquet,entailment,0.5,2000,0.0001,none,11138,0,32767,2,0.8280583613916948,0.8105924596050269,213,22.567481517791748,
qp_TEA_sae_olmo2__layer15.parquet,entailment,0.5,3000,0.0001,none,11138,0,32767,2,0.8280583613916948,0.8105924596050269,213,22.55784845352173,
qp_TEA_sae_olmo2__layer15.parquet,entailment,0.5,4000,0.0001,none,11138,0,32767,2,0.8280583613916948,0.8105924596050269,213,22.335505962371826,
qp_TEA_sae_olmo2__layer15.parquet,entailment,0.5,5000,0.0001,none,11138,0,32767,2,0.8280583613916948,0.8105924596050269,213,22.777822732925415,
qp_TEA_sae_olmo2__layer15.parquet,entailment,1.0,1000,0.0001,none,11138,0,32767,2,0.8564534231200898,0.828096947935368,325,32.466665267944336,
qp_TEA_sae_olmo2__layer15.parquet,entailment,1.0,2000,0.0001,none,11138,0,32767,2,0.8564534231200898,0.828096947935368,325,33.176546812057495,
qp_TEA_sae_olmo2__layer15.parquet,entailment,1.0,3000,0.0001,none,11138,0,32767,2,0.8564534231200898,0.828096947935368,325,32.6000235080719,
qp_TEA_sae_olmo2__layer15.parquet,entailment,1.0,4000,0.0001,none,11138,0,32767,2,0.8564534231200898,0.828096947935368,325,33.07792282104492,
qp_TEA_sae_olmo2__layer15.parquet,entailment,1.0,5000,0.0001,none,11138,0,32767,2,0.856341189674523,0.828096947935368,326,32.91438317298889,
qp_TEA_sae_olmo2__layer16.parquet,entailment,0.25,1000,0.0001,none,11138,0,32765,2,0.7876543209876543,0.7885996409335727,82,5.8676979541778564,
qp_TEA_sae_olmo2__layer16.parquet,entailment,0.25,2000,0.0001,none,11138,0,32765,2,0.7876543209876543,0.7885996409335727,82,5.2896130084991455,
qp_TEA_sae_olmo2__layer16.parquet,entailment,0.25,3000,0.0001,none,11138,0,32765,2,0.7876543209876543,0.7885996409335727,82,5.240558862686157,
qp_TEA_sae_olmo2__layer16.parquet,entailment,0.25,4000,0.0001,none,11138,0,32765,2,0.7876543209876543,0.7885996409335727,82,5.478881597518921,
qp_TEA_sae_olmo2__layer16.parquet,entailment,0.25,5000,0.0001,none,11138,0,32765,2,0.7876543209876543,0.7885996409335727,82,5.780779838562012,
qp_TEA_sae_olmo2__layer16.parquet,entailment,0.5,1000,0.0001,none,11138,0,32765,2,0.8026936026936027,0.8025134649910234,164,17.702052354812622,
qp_TEA_sae_olmo2__layer16.parquet,entailment,0.5,2000,0.0001,none,11138,0,32765,2,0.8026936026936027,0.8025134649910234,164,17.78098177909851,
qp_TEA_sae_olmo2__layer16.parquet,entailment,0.5,3000,0.0001,none,11138,0,32765,2,0.8026936026936027,0.8025134649910234,164,17.48578453063965,
qp_TEA_sae_olmo2__layer16.parquet,entailment,0.5,4000,0.0001,none,11138,0,32765,2,0.8026936026936027,0.8025134649910234,164,17.62467098236084,
qp_TEA_sae_olmo2__layer16.parquet,entailment,0.5,5000,0.0001,none,11138,0,32765,2,0.8026936026936027,0.8025134649910234,164,17.860673189163208,
qp_TEA_sae_olmo2__layer16.parquet,entailment,1.0,1000,0.0001,none,11138,0,32765,2,0.8278338945005612,0.8150807899461401,270,39.91421699523926,
qp_TEA_sae_olmo2__layer16.parquet,entailment,1.0,2000,0.0001,none,11138,0,32765,2,0.8278338945005612,0.8150807899461401,270,39.83218955993652,
qp_TEA_sae_olmo2__layer16.parquet,entailment,1.0,3000,0.0001,none,11138,0,32765,2,0.8278338945005612,0.8150807899461401,271,40.15912675857544,
qp_TEA_sae_olmo2__layer16.parquet,entailment,1.0,4000,0.0001,none,11138,0,32765,2,0.8278338945005612,0.8150807899461401,270,39.872682332992554,
qp_TEA_sae_olmo2__layer16.parquet,entailment,1.0,5000,0.0001,none,11138,0,32765,2,0.8278338945005612,0.8150807899461401,270,39.9282009601593,
qp_TEA_sae_olmo2__layer2.parquet,entailment,0.25,1000,0.0001,none,11138,0,32768,2,0.796969696969697,0.7917414721723519,69,12.418166875839233,
qp_TEA_sae_olmo2__layer2.parquet,entailment,0.25,2000,0.0001,none,11138,0,32768,2,0.796969696969697,0.7917414721723519,69,11.79472017288208,
qp_TEA_sae_olmo2__layer2.parquet,entailment,0.25,3000,0.0001,none,11138,0,32768,2,0.796969696969697,0.7917414721723519,69,11.85797667503357,
qp_TEA_sae_olmo2__layer2.parquet,entailment,0.25,4000,0.0001,none,11138,0,32768,2,0.796969696969697,0.7917414721723519,69,11.377184391021729,
qp_TEA_sae_olmo2__layer2.parquet,entailment,0.25,5000,0.0001,none,11138,0,32768,2,0.796969696969697,0.7917414721723519,69,11.59738302230835,
qp_TEA_sae_olmo2__layer2.parquet,entailment,0.5,1000,0.0001,none,11138,0,32768,2,0.806060606060606,0.7998204667863554,114,17.452771425247192,
qp_TEA_sae_olmo2__layer2.parquet,entailment,0.5,2000,0.0001,none,11138,0,32768,2,0.806060606060606,0.7998204667863554,114,17.818284273147583,
qp_TEA_sae_olmo2__layer2.parquet,entailment,0.5,3000,0.0001,none,11138,0,32768,2,0.806060606060606,0.7998204667863554,116,16.222012519836426,
qp_TEA_sae_olmo2__layer2.parquet,entailment,0.5,4000,0.0001,none,11138,0,32768,2,0.806060606060606,0.7998204667863554,114,18.379942178726196,
qp_TEA_sae_olmo2__layer2.parquet,entailment,0.5,5000,0.0001,none,11138,0,32768,2,0.806060606060606,0.7998204667863554,116,16.146485805511475,
qp_TEA_sae_olmo2__layer2.parquet,entailment,1.0,1000,0.0001,none,11138,0,32768,2,0.8197530864197531,0.8065529622980251,178,32.79678130149841,
qp_TEA_sae_olmo2__layer2.parquet,entailment,1.0,2000,0.0001,none,11138,0,32768,2,0.8198653198653199,0.8065529622980251,177,33.294302225112915,
qp_TEA_sae_olmo2__layer2.parquet,entailment,1.0,3000,0.0001,none,11138,0,32768,2,0.8197530864197531,0.8065529622980251,178,32.69013237953186,
qp_TEA_sae_olmo2__layer2.parquet,entailment,1.0,4000,0.0001,none,11138,0,32768,2,0.8198653198653199,0.8065529622980251,178,32.997647285461426,
qp_TEA_sae_olmo2__layer2.parquet,entailment,1.0,5000,0.0001,none,11138,0,32768,2,0.8199775533108866,0.8065529622980251,178,32.94021725654602,
qp_TEA_sae_olmo2__layer3.parquet,entailment,0.25,1000,0.0001,none,11138,0,32768,2,0.8065095398428732,0.8016157989228008,70,11.995208978652954,
qp_TEA_sae_olmo2__layer3.parquet,entailment,0.25,2000,0.0001,none,11138,0,32768,2,0.8065095398428732,0.8016157989228008,69,12.221756219863892,
qp_TEA_sae_olmo2__layer3.parquet,entailment,0.25,3000,0.0001,none,11138,0,32768,2,0.8065095398428732,0.8016157989228008,69,11.596954822540283,
qp_TEA_sae_olmo2__layer3.parquet,entailment,0.25,4000,0.0001,none,11138,0,32768,2,0.8065095398428732,0.8016157989228008,69,12.213268756866455,
qp_TEA_sae_olmo2__layer3.parquet,entailment,0.25,5000,0.0001,none,11138,0,32768,2,0.8065095398428732,0.8016157989228008,69,11.610387086868286,
qp_TEA_sae_olmo2__layer3.parquet,entailment,0.5,1000,0.0001,none,11138,0,32768,2,0.8215488215488216,0.8168761220825853,117,25.84521460533142,
qp_TEA_sae_olmo2__layer3.parquet,entailment,0.5,2000,0.0001,none,11138,0,32768,2,0.8214365881032548,0.8168761220825853,117,25.99509024620056,
qp_TEA_sae_olmo2__layer3.parquet,entailment,0.5,3000,0.0001,none,11138,0,32768,2,0.8215488215488216,0.8168761220825853,117,25.79326343536377,
qp_TEA_sae_olmo2__layer3.parquet,entailment,0.5,4000,0.0001,none,11138,0,32768,2,0.8214365881032548,0.8168761220825853,117,26.221871614456177,
qp_TEA_sae_olmo2__layer3.parquet,entailment,0.5,5000,0.0001,none,11138,0,32768,2,0.8214365881032548,0.8168761220825853,117,26.007416009902954,
qp_TEA_sae_olmo2__layer3.parquet,entailment,1.0,1000,0.0001,none,11138,0,32768,2,0.8391694725028058,0.8200179533213644,185,33.65604829788208,
qp_TEA_sae_olmo2__layer3.parquet,entailment,1.0,2000,0.0001,none,11138,0,32768,2,0.8391694725028058,0.8204667863554758,185,33.96953845024109,
qp_TEA_sae_olmo2__layer3.parquet,entailment,1.0,3000,0.0001,none,11138,0,32768,2,0.8391694725028058,0.8204667863554758,185,33.455127000808716,
qp_TEA_sae_olmo2__layer3.parquet,entailment,1.0,4000,0.0001,none,11138,0,32768,2,0.8391694725028058,0.8200179533213644,185,33.629799127578735,
qp_TEA_sae_olmo2__layer3.parquet,entailment,1.0,5000,0.0001,none,11138,0,32768,2,0.8391694725028058,0.8204667863554758,185,33.578776597976685,
qp_TEA_sae_olmo2__layer4.parquet,entailment,0.25,1000,0.0001,none,11138,0,32764,2,0.8038159371492705,0.7989228007181328,69,6.558451175689697,
qp_TEA_sae_olmo2__layer4.parquet,entailment,0.25,2000,0.0001,none,11138,0,32764,2,0.8038159371492705,0.7989228007181328,69,6.355455636978149,
qp_TEA_sae_olmo2__layer4.parquet,entailment,0.25,3000,0.0001,none,11138,0,32764,2,0.8037037037037037,0.7989228007181328,69,6.369861364364624,
qp_TEA_sae_olmo2__layer4.parquet,entailment,0.25,4000,0.0001,none,11138,0,32764,2,0.8038159371492705,0.7989228007181328,69,6.385454416275024,
qp_TEA_sae_olmo2__layer4.parquet,entailment,0.25,5000,0.0001,none,11138,0,32764,2,0.8038159371492705,0.7989228007181328,69,6.227165460586548,
qp_TEA_sae_olmo2__layer4.parquet,entailment,0.5,1000,0.0001,none,11138,0,32764,2,0.8239057239057239,0.8096947935368043,115,10.620419979095459,
qp_TEA_sae_olmo2__layer4.parquet,entailment,0.5,2000,0.0001,none,11138,0,32764,2,0.8239057239057239,0.8096947935368043,115,10.649408102035522,
qp_TEA_sae_olmo2__layer4.parquet,entailment,0.5,3000,0.0001,none,11138,0,32764,2,0.8239057239057239,0.8096947935368043,115,10.533264398574829,
qp_TEA_sae_olmo2__layer4.parquet,entailment,0.5,4000,0.0001,none,11138,0,32764,2,0.8239057239057239,0.8096947935368043,115,10.726045608520508,
qp_TEA_sae_olmo2__layer4.parquet,entailment,0.5,5000,0.0001,none,11138,0,32764,2,0.8239057239057239,0.8096947935368043,115,10.73990511894226,
qp_TEA_sae_olmo2__layer4.parquet,entailment,1.0,1000,0.0001,none,11138,0,32764,2,0.8361391694725028,0.8245062836624776,178,31.28077983856201,
qp_TEA_sae_olmo2__layer4.parquet,entailment,1.0,2000,0.0001,none,11138,0,32764,2,0.836026936026936,0.8245062836624776,178,31.30026125907898,
qp_TEA_sae_olmo2__layer4.parquet,entailment,1.0,3000,0.0001,none,11138,0,32764,2,0.8361391694725028,0.8245062836624776,179,31.05010676383972,
qp_TEA_sae_olmo2__layer4.parquet,entailment,1.0,4000,0.0001,none,11138,0,32764,2,0.8361391694725028,0.8245062836624776,178,31.147910118103027,
qp_TEA_sae_olmo2__layer4.parquet,entailment,1.0,5000,0.0001,none,11138,0,32764,2,0.8361391694725028,0.8245062836624776,178,31.140042543411255,
qp_TEA_sae_olmo2__layer5.parquet,entailment,0.25,1000,0.0001,none,11138,0,32761,2,0.8058361391694725,0.7971274685816876,72,6.823057651519775,
qp_TEA_sae_olmo2__layer5.parquet,entailment,0.25,2000,0.0001,none,11138,0,32761,2,0.806060606060606,0.7971274685816876,72,6.864772081375122,
qp_TEA_sae_olmo2__layer5.parquet,entailment,0.25,3000,0.0001,none,11138,0,32761,2,0.8058361391694725,0.7971274685816876,72,6.814835548400879,
qp_TEA_sae_olmo2__layer5.parquet,entailment,0.25,4000,0.0001,none,11138,0,32761,2,0.806060606060606,0.7971274685816876,72,6.892275333404541,
qp_TEA_sae_olmo2__layer5.parquet,entailment,0.25,5000,0.0001,none,11138,0,32761,2,0.8058361391694725,0.7971274685816876,72,6.865510702133179,
qp_TEA_sae_olmo2__layer5.parquet,entailment,0.5,1000,0.0001,none,11138,0,32761,2,0.8295173961840628,0.8177737881508079,135,11.343342781066895,
qp_TEA_sae_olmo2__layer5.parquet,entailment,0.5,2000,0.0001,none,11138,0,32761,2,0.8295173961840628,0.8177737881508079,135,11.248702764511108,
qp_TEA_sae_olmo2__layer5.parquet,entailment,0.5,3000,0.0001,none,11138,0,32761,2,0.8295173961840628,0.8177737881508079,135,11.173159837722778,
qp_TEA_sae_olmo2__layer5.parquet,entailment,0.5,4000,0.0001,none,11138,0,32761,2,0.8295173961840628,0.8177737881508079,137,11.316889762878418,
qp_TEA_sae_olmo2__layer5.parquet,entailment,0.5,5000,0.0001,none,11138,0,32761,2,0.8295173961840628,0.8177737881508079,135,11.328825950622559,
qp_TEA_sae_olmo2__layer5.parquet,entailment,1.0,1000,0.0001,none,11138,0,32761,2,0.8530864197530864,0.8303411131059246,209,37.85734486579895,
qp_TEA_sae_olmo2__layer5.parquet,entailment,1.0,2000,0.0001,none,11138,0,32761,2,0.8530864197530864,0.8303411131059246,209,37.91376972198486,
qp_TEA_sae_olmo2__layer5.parquet,entailment,1.0,3000,0.0001,none,11138,0,32761,2,0.8530864197530864,0.8303411131059246,209,37.838534116744995,
qp_TEA_sae_olmo2__layer5.parquet,entailment,1.0,4000,0.0001,none,11138,0,32761,2,0.8530864197530864,0.8303411131059246,209,38.28873133659363,
qp_TEA_sae_olmo2__layer5.parquet,entailment,1.0,5000,0.0001,none,11138,0,32761,2,0.8530864197530864,0.8303411131059246,209,37.80855321884155,
qp_TEA_sae_olmo2__layer6.parquet,entailment,0.25,1000,0.0001,none,11138,0,32765,2,0.8145903479236812,0.8123877917414721,73,6.602215766906738,
qp_TEA_sae_olmo2__layer6.parquet,entailment,0.25,2000,0.0001,none,11138,0,32765,2,0.8145903479236812,0.8123877917414721,73,6.529839515686035,
qp_TEA_sae_olmo2__layer6.parquet,entailment,0.25,3000,0.0001,none,11138,0,32765,2,0.8145903479236812,0.8123877917414721,73,6.562027215957642,
qp_TEA_sae_olmo2__layer6.parquet,entailment,0.25,4000,0.0001,none,11138,0,32765,2,0.8145903479236812,0.8123877917414721,73,6.5444865226745605,
qp_TEA_sae_olmo2__layer6.parquet,entailment,0.25,5000,0.0001,none,11138,0,32765,2,0.8145903479236812,0.8123877917414721,73,6.466809511184692,
qp_TEA_sae_olmo2__layer6.parquet,entailment,0.5,1000,0.0001,none,11138,0,32765,2,0.8304152637485971,0.8227109515260324,139,18.65012288093567,
qp_TEA_sae_olmo2__layer6.parquet,entailment,0.5,2000,0.0001,none,11138,0,32765,2,0.8304152637485971,0.8227109515260324,140,18.591686010360718,
qp_TEA_sae_olmo2__layer6.parquet,entailment,0.5,3000,0.0001,none,11138,0,32765,2,0.8304152637485971,0.8227109515260324,140,18.424599170684814,
qp_TEA_sae_olmo2__layer6.parquet,entailment,0.5,4000,0.0001,none,11138,0,32765,2,0.8304152637485971,0.8227109515260324,139,18.63707947731018,
qp_TEA_sae_olmo2__layer6.parquet,entailment,0.5,5000,0.0001,none,11138,0,32765,2,0.8304152637485971,0.8227109515260324,139,18.66236686706543,
qp_TEA_sae_olmo2__layer6.parquet,entailment,1.0,1000,0.0001,none,11138,0,32765,2,0.8503928170594838,0.8316876122082585,240,27.132201194763184,
qp_TEA_sae_olmo2__layer6.parquet,entailment,1.0,2000,0.0001,none,11138,0,32765,2,0.8503928170594838,0.8316876122082585,240,27.466118097305298,
qp_TEA_sae_olmo2__layer6.parquet,entailment,1.0,3000,0.0001,none,11138,0,32765,2,0.8505050505050505,0.8316876122082585,240,27.34586262702942,
qp_TEA_sae_olmo2__layer6.parquet,entailment,1.0,4000,0.0001,none,11138,0,32765,2,0.8503928170594838,0.8316876122082585,240,27.268383979797363,
qp_TEA_sae_olmo2__layer6.parquet,entailment,1.0,5000,0.0001,none,11138,0,32765,2,0.8505050505050505,0.8316876122082585,241,27.40480399131775,
qp_TEA_sae_olmo2__layer7.parquet,entailment,0.25,1000,0.0001,none,11138,0,32767,2,0.8241301907968575,0.8114901256732495,82,9.563281536102295,
qp_TEA_sae_olmo2__layer7.parquet,entailment,0.25,2000,0.0001,none,11138,0,32767,2,0.8241301907968575,0.8114901256732495,81,9.592761993408203,
qp_TEA_sae_olmo2__layer7.parquet,entailment,0.25,3000,0.0001,none,11138,0,32767,2,0.8241301907968575,0.8114901256732495,82,9.086450099945068,
qp_TEA_sae_olmo2__layer7.parquet,entailment,0.25,4000,0.0001,none,11138,0,32767,2,0.8241301907968575,0.8114901256732495,82,9.584498167037964,
qp_TEA_sae_olmo2__layer7.parquet,entailment,0.25,5000,0.0001,none,11138,0,32767,2,0.8241301907968575,0.8114901256732495,82,9.735488176345825,
qp_TEA_sae_olmo2__layer7.parquet,entailment,0.5,1000,0.0001,none,11138,0,32767,2,0.8405162738496071,0.8298922800718133,143,17.353152990341187,
qp_TEA_sae_olmo2__layer7.parquet,entailment,0.5,2000,0.0001,none,11138,0,32767,2,0.8405162738496071,0.8298922800718133,142,17.25713849067688,
qp_TEA_sae_olmo2__layer7.parquet,entailment,0.5,3000,0.0001,none,11138,0,32767,2,0.8405162738496071,0.8298922800718133,143,17.329012870788574,
qp_TEA_sae_olmo2__layer7.parquet,entailment,0.5,4000,0.0001,none,11138,0,32767,2,0.8405162738496071,0.8298922800718133,143,17.26961088180542,
qp_TEA_sae_olmo2__layer7.parquet,entailment,0.5,5000,0.0001,none,11138,0,32767,2,0.8405162738496071,0.8298922800718133,143,17.39068865776062,
qp_TEA_sae_olmo2__layer7.parquet,entailment,1.0,1000,0.0001,none,11138,0,32767,2,0.8570145903479237,0.8397666068222621,244,34.22091460227966,
qp_TEA_sae_olmo2__layer7.parquet,entailment,1.0,2000,0.0001,none,11138,0,32767,2,0.8571268237934905,0.8397666068222621,245,34.09295034408569,
qp_TEA_sae_olmo2__layer7.parquet,entailment,1.0,3000,0.0001,none,11138,0,32767,2,0.8571268237934905,0.8397666068222621,245,34.23684120178223,
qp_TEA_sae_olmo2__layer7.parquet,entailment,1.0,4000,0.0001,none,11138,0,32767,2,0.8569023569023569,0.8397666068222621,244,34.40612268447876,
qp_TEA_sae_olmo2__layer7.parquet,entailment,1.0,5000,0.0001,none,11138,0,32767,2,0.8570145903479237,0.8397666068222621,244,34.567442417144775,
qp_TEA_sae_olmo2__layer8.parquet,entailment,0.25,1000,0.0001,none,11138,0,32757,2,0.8304152637485971,0.8263016157989228,80,5.68004584312439,
qp_TEA_sae_olmo2__layer8.parquet,entailment,0.25,2000,0.0001,none,11138,0,32757,2,0.8300785634118968,0.8263016157989228,80,6.171445369720459,
qp_TEA_sae_olmo2__layer8.parquet,entailment,0.25,3000,0.0001,none,11138,0,32757,2,0.8301907968574636,0.8263016157989228,80,5.72584342956543,
qp_TEA_sae_olmo2__layer8.parquet,entailment,0.25,4000,0.0001,none,11138,0,32757,2,0.8303030303030303,0.8263016157989228,80,5.7342424392700195,
qp_TEA_sae_olmo2__layer8.parquet,entailment,0.25,5000,0.0001,none,11138,0,32757,2,0.8304152637485971,0.8263016157989228,80,5.527580499649048,
qp_TEA_sae_olmo2__layer8.parquet,entailment,0.5,1000,0.0001,none,11138,0,32757,2,0.8524130190796857,0.8420107719928187,155,19.671159505844116,
qp_TEA_sae_olmo2__layer8.parquet,entailment,0.5,2000,0.0001,none,11138,0,32757,2,0.8524130190796857,0.8420107719928187,155,19.73116135597229,
qp_TEA_sae_olmo2__layer8.parquet,entailment,0.5,3000,0.0001,none,11138,0,32757,2,0.8524130190796857,0.8420107719928187,155,19.66196584701538,
qp_TEA_sae_olmo2__layer8.parquet,entailment,0.5,4000,0.0001,none,11138,0,32757,2,0.8525252525252526,0.8420107719928187,155,19.64811873435974,
qp_TEA_sae_olmo2__layer8.parquet,entailment,0.5,5000,0.0001,none,11138,0,32757,2,0.8525252525252526,0.8420107719928187,155,19.631733179092407,
qp_TEA_sae_olmo2__layer8.parquet,entailment,1.0,1000,0.0001,none,11138,0,32757,2,0.8691358024691358,0.8491921005385996,254,33.628904581069946,
qp_TEA_sae_olmo2__layer8.parquet,entailment,1.0,2000,0.0001,none,11138,0,32757,2,0.8692480359147026,0.8491921005385996,255,33.56829476356506,
qp_TEA_sae_olmo2__layer8.parquet,entailment,1.0,3000,0.0001,none,11138,0,32757,2,0.8691358024691358,0.8491921005385996,255,33.76246500015259,
qp_TEA_sae_olmo2__layer8.parquet,entailment,1.0,4000,0.0001,none,11138,0,32757,2,0.8691358024691358,0.8491921005385996,254,33.51859760284424,
qp_TEA_sae_olmo2__layer8.parquet,entailment,1.0,5000,0.0001,none,11138,0,32757,2,0.8691358024691358,0.8491921005385996,254,33.61892604827881,
qp_TEA_sae_olmo2__layer9.parquet,entailment,0.25,1000,0.0001,none,11138,0,32762,2,0.8226711560044894,0.8132854578096947,70,5.208840847015381,
qp_TEA_sae_olmo2__layer9.parquet,entailment,0.25,2000,0.0001,none,11138,0,32762,2,0.8226711560044894,0.8132854578096947,70,5.277863025665283,
qp_TEA_sae_olmo2__layer9.parquet,entailment,0.25,3000,0.0001,none,11138,0,32762,2,0.8226711560044894,0.8132854578096947,70,5.30525279045105,
qp_TEA_sae_olmo2__layer9.parquet,entailment,0.25,4000,0.0001,none,11138,0,32762,2,0.8226711560044894,0.8132854578096947,70,5.1968092918396,
qp_TEA_sae_olmo2__layer9.parquet,entailment,0.25,5000,0.0001,none,11138,0,32762,2,0.8226711560044894,0.8132854578096947,70,5.291170835494995,
qp_TEA_sae_olmo2__layer9.parquet,entailment,0.5,1000,0.0001,none,11138,0,32762,2,0.8419753086419753,0.8298922800718133,151,14.165788173675537,
qp_TEA_sae_olmo2__layer9.parquet,entailment,0.5,2000,0.0001,none,11138,0,32762,2,0.8419753086419753,0.8303411131059246,151,14.04812216758728,
qp_TEA_sae_olmo2__layer9.parquet,entailment,0.5,3000,0.0001,none,11138,0,32762,2,0.8420875420875421,0.8303411131059246,151,14.116226434707642,
qp_TEA_sae_olmo2__layer9.parquet,entailment,0.5,4000,0.0001,none,11138,0,32762,2,0.8419753086419753,0.8298922800718133,151,14.054251670837402,
qp_TEA_sae_olmo2__layer9.parquet,entailment,0.5,5000,0.0001,none,11138,0,32762,2,0.8420875420875421,0.8303411131059246,151,14.186245441436768,
qp_TEA_sae_olmo2__layer9.parquet,entailment,1.0,1000,0.0001,none,11138,0,32762,2,0.8656565656565657,0.84245960502693,266,34.355897665023804,
qp_TEA_sae_olmo2__layer9.parquet,entailment,1.0,2000,0.0001,none,11138,0,32762,2,0.8657687991021324,0.84245960502693,267,34.485944509506226,
qp_TEA_sae_olmo2__layer9.parquet,entailment,1.0,3000,0.0001,none,11138,0,32762,2,0.8656565656565657,0.84245960502693,266,34.448572874069214,
qp_TEA_sae_olmo2__layer9.parquet,entailment,1.0,4000,0.0001,none,11138,0,32762,2,0.8656565656565657,0.84245960502693,266,34.61990928649902,
qp_TEA_sae_olmo2__layer9.parquet,entailment,1.0,5000,0.0001,none,11138,0,32762,2,0.8656565656565657,0.84245960502693,266,34.39510917663574,
